title,price,location,time,status,url,seller_nickname,description,image_count
버킷햇,"5,000원",대전 서구 둔산동,끌올 41분 전,판매중,https://www.daangn.com/kr/buy-sell/%EB%B2%84%ED%82%B7%ED%96%87-a22dhuejwafo/,호하하하,1. 데님 프린지 버킷햇 2. 화이트 프린지 버킷햇 3. 갈색 버킷햇  세개다 구매시 에눌,8
어반드레스 니트 원피스,"10,000원",대전 서구 둔산동,끌올 42분 전,판매중,https://www.daangn.com/kr/buy-sell/%EC%96%B4%EB%B0%98%EB%93%9C%EB%A0%88%EC%8A%A4-%EB%8B%88%ED%8A%B8-%EC%9B%90%ED%94%BC%EC%8A%A4-yj4cds7buxr3/,호하하하,"회색 V넥 루즈핏 니트 스웨터입니다 아크릴 100% 소재입니다 사이즈는 FREE이며, 상세 사이즈는 다음과 같습니다 - 총장: 90cm - 어깨+소매: 72.5cm - 가슴: 59.5cm - 암홀: 33cm - 밑단: 53cm",7
무센트 크롭 니트 가디건,"5,000원",대전 서구 둔산동,끌올 42분 전,판매중,https://www.daangn.com/kr/buy-sell/%EB%AC%B4%EC%84%BC%ED%8A%B8-%ED%81%AC%EB%A1%AD-%EB%8B%88%ED%8A%B8-%EA%B0%80%EB%94%94%EA%B1%B4-vz4ytxxaj12k/,호하하하,"무센트 네이비 컬러 꽈배기 크롭 니트 가디건입니다! 꽈배기 패턴이 들어가 있고, 크롭 기장이라 귀엽게 코디하기 좋아요 약간의 사용감 있지만, 전체적으로 깨끗합니다~",5
얼모스트블루 이어폰 C타입,"15,000원",대전 서구 둔산동,끌올 42분 전,판매중,https://www.daangn.com/kr/buy-sell/%EC%96%BC%EB%AA%A8%EC%8A%A4%ED%8A%B8%EB%B8%94%EB%A3%A8-%EC%9D%B4%EC%96%B4%ED%8F%B0-c%ED%83%80%EC%9E%85-rvee2a5rwzhv/,호하하하,얼모스트블루 Snow Earphones C타입 이어폰입니다 핑크색입니다 이번주 배송온 새상품입니당,5
꼼파뇨 타투 후드,"16,000원",대전 서구 둔산동,끌올 42분 전,판매중,https://www.daangn.com/kr/buy-sell/%EA%BC%BC%ED%8C%8C%EB%87%A8-%ED%83%80%ED%88%AC-%ED%9B%84%EB%93%9C-smgt9iaodjg7/,호하하하,"레터링 타투 후드 기모 그레이 색상입니다 앞면에는 '72' 숫자와 'Don't hate' 문구가, 뒷면에는 개성 있는 그림이 디자인되어 있습니다 상태좋은편입니다",9
"또봇 쪼꼬베이스, 또키 6개","30,000원",대전 서구 둔산동,43분 전,판매중,https://www.daangn.com/kr/buy-sell/%EB%98%90%EB%B4%87-%EC%AA%BC%EA%BC%AC%EB%B2%A0%EC%9D%B4%EC%8A%A4-%EB%98%90%ED%82%A4-6%EA%B0%9C-nu3wixosthnj/,byeol,"또봇 쪼꼬베이스, 또키 6개 입니다 가격제안 받아요~ 환불 X",6
질바이질스튜어트 베이지 체크 버킷백,"7,000원",대전 서구 둔산동,끌올 43분 전,판매중,https://www.daangn.com/kr/buy-sell/%EC%A7%88%EB%B0%94%EC%9D%B4%EC%A7%88%EC%8A%A4%ED%8A%9C%EC%96%B4%ED%8A%B8-%EB%B2%A0%EC%9D%B4%EC%A7%80-%EC%B2%B4%ED%81%AC-%EB%B2%84%ED%82%B7%EB%B0%B1-vaeu4xu1mux1/,호하하하,질바이질스튜어트 베이지 체크 버킷백입니다 쿨거만용 환불x,6
갤럭시 s24울트라 256기가 실버,"750,000원",대전 서구 둔산동,45분 전,판매중,https://www.daangn.com/kr/buy-sell/%EA%B0%A4%EB%9F%AD%EC%8B%9C-s24%EC%9A%B8%ED%8A%B8%EB%9D%BC-256%EA%B8%B0%EA%B0%80-%EC%8B%A4%EB%B2%84-k585m59dj9nh/,민머리캡틴,정상해지 완료된 폰입니다!!  연락주세요!!,7
러브앤쇼 핑크 니트 (사이즈 55정도),"3,000원",대전 서구 둔산동,끌올 46분 전,판매중,https://www.daangn.com/kr/buy-sell/%EB%9F%AC%EB%B8%8C%EC%95%A4%EC%87%BC-%ED%95%91%ED%81%AC-%EB%8B%88%ED%8A%B8-%EC%82%AC%EC%9D%B4%EC%A6%88-55%EC%A0%95%EB%8F%84-bsh5619gay9j/,당근당근,"- 길이 62cm - 상태는 사진과 같습니다. - 거래 시 상태 꼼꼼히 확인해주세요.  ⭐️대면거래만⭐️ 합니다! - 교환/환불❌, 문고리/택배❌ - 판매 중인 다른 옷들도 많이 있으니 같이 구경하세요~",9
메종프랑세즈 우산 새상품,"6,000원",대전 서구 둔산동,끌올 46분 전,판매중,https://www.daangn.com/kr/buy-sell/%EB%A9%94%EC%A2%85%ED%94%84%EB%9E%91%EC%84%B8%EC%A6%88-%EC%9A%B0%EC%82%B0-%EC%83%88%EC%83%81%ED%92%88-tpriid8i2h39/,당근당근,"- 촬영용으로 꺼낸 것 말고는 미사용 우산입니다. 총 2개 있으며 1개 당 가격입니다. - 사진에 보이는 모습에서, 세로 총 길이 32cm입니다. - 거래 시 상태 꼼꼼히 확인해주세요.  ⭐️대면거래만⭐️ 합니다! - 교환/환불❌, 문고리/택배❌",8
EnC 검정 원피스,"9,000원",대전 서구 둔산동,끌올 46분 전,판매중,https://www.daangn.com/kr/buy-sell/enc-%EA%B2%80%EC%A0%95-%EC%9B%90%ED%94%BC%EC%8A%A4-retedqh9g95o/,당근당근,"- 상태는 사진과 같습니다. 기장 86cm. - 거래 시 상태 꼼꼼히 확인해주세요.  ⭐️대면거래만⭐️ 합니다! - 교환/환불❌, 문고리/택배❌ - 판매 중인 다른 옷들도 많이 있으니 같이 구경하세요~",8
오아 무선 목 어깨 안마기 (온열 마사지기),"36,000원",대전 서구 둔산동,끌올 46분 전,판매중,https://www.daangn.com/kr/buy-sell/%EC%98%A4%EC%95%84-%EB%AC%B4%EC%84%A0-%EB%AA%A9-%EC%96%B4%EA%B9%A8-%EC%95%88%EB%A7%88%EA%B8%B0-%EC%98%A8%EC%97%B4-%EB%A7%88%EC%82%AC%EC%A7%80%EA%B8%B0-hznzzpev6d41/,당근당근,"- 상태는 사진과 같습니다.   (어댑터 포함, 충전 후 무선으로 사용 가능, 정상 작동) - 거래 시 상태 꼼꼼히 확인해주세요.  ⭐️대면거래만⭐️ 합니다! - 교환/환불❌, 문고리/택배❌",9
네이비 겨울용 반팔 원피스 (사이즈 55정도),"6,000원",대전 서구 둔산동,끌올 46분 전,판매중,https://www.daangn.com/kr/buy-sell/%EB%84%A4%EC%9D%B4%EB%B9%84-%EA%B2%A8%EC%9A%B8%EC%9A%A9-%EB%B0%98%ED%8C%94-%EC%9B%90%ED%94%BC%EC%8A%A4-%EC%82%AC%EC%9D%B4%EC%A6%88-55%EC%A0%95%EB%8F%84-6b7nmh1vyeug/,당근당근,"- 상태는 사진과 같습니다. 주머니 있어요. - 속치마 안감 있고, 전체적으로 두께감 있습니다. - 거래 시 상태 꼼꼼히 확인해주세요.  ⭐️대면거래만⭐️ 합니다! - 교환/환불❌, 문고리/택배❌ - 판매 중인 다른 옷들도 많이 있으니 같이 구경하세요~",11
보니알렉스 블라우스 55,"3,000원",대전 서구 둔산동,끌올 46분 전,판매중,https://www.daangn.com/kr/buy-sell/%EB%B3%B4%EB%8B%88%EC%95%8C%EB%A0%89%EC%8A%A4-%EB%B8%94%EB%9D%BC%EC%9A%B0%EC%8A%A4-55-t9merm1bb7qp/,당근당근,"- 상태는 사진과 같습니다. 기장 58cm. - 거래 시 상태 꼼꼼히 확인해주세요.  ⭐️대면거래만⭐️ 합니다! - 교환/환불❌, 문고리/택배❌ - 판매 중인 다른 옷들도 많이 있으니 같이 구경하세요~",8
청정원 선물세트 S호,"10,000원",대전 서구 둔산동,46분 전,판매중,https://www.daangn.com/kr/buy-sell/%EC%B2%AD%EC%A0%95%EC%9B%90-%EC%84%A0%EB%AC%BC%EC%84%B8%ED%8A%B8-s%ED%98%B8-soy8xoaywogk/,밤톨이맘,"청정원 선물세트입니다 선입금해주시면 문에 걸어놓겠습니다. 새제품이지만 중고거라 교환, 환불은 어려운 점 이해 부탁드려요~",6
야마하 업라이트 피아노,"1,900,000원",대전 서구 둔산동,끌올 47분 전,판매중,https://www.daangn.com/kr/buy-sell/%EC%95%BC%EB%A7%88%ED%95%98-%EC%97%85%EB%9D%BC%EC%9D%B4%ED%8A%B8-%ED%94%BC%EC%95%84%EB%85%B8-1on4mcvh22um/,빼꼼,야마하 업라이트 피아노 판매합니다 어릴때 사용하고  장식용이 되어 판매해요. 조율해야하구요,11
또봇 트라이탄 Y,"5,000원",대전 서구 둔산동,48분 전,판매중,https://www.daangn.com/kr/buy-sell/%EB%98%90%EB%B4%87-%ED%8A%B8%EB%9D%BC%EC%9D%B4%ED%83%84-y-ujoigku92v6b/,byeol,"또봇 트라이탄 Y 입니다 파손, 변색 없이 깨끗합니다 가격제안 받아요~ 환불 X",5
베고니아 어텀 엠버,"8,000원",대전 서구 둔산동,48분 전,판매중,https://www.daangn.com/kr/buy-sell/%EB%B2%A0%EA%B3%A0%EB%8B%88%EC%95%84-%EC%96%B4%ED%85%80-%EC%97%A0%EB%B2%84-77n5ymnqdx3b/,딩가,"가을 단풍같은 베고니아 어텀 엠버입니다. 어릴 때는 연두, 노랑, 주황, 적갈색의 다채로운 색상으로 자라고 성체가 될수록 밝은 주황, 적갈색으로 진해져요. 실습에서 키우고 있어요. 마지막은 모체 사진입니다. 화분 : 지름 7.5cm",11
전자저울 10kg 새상품,"15,000원",대전 서구 둔산동,끌올 50분 전,판매중,https://www.daangn.com/kr/buy-sell/%EC%A0%84%EC%9E%90%EC%A0%80%EC%9A%B8-10kg-%EC%83%88%EC%83%81%ED%92%88-kxt5pfvehs6q/,금빛물결,한번도 안 쓴 새상품입니다  AAA건전지로 작동해요 최소 0.1g ~ 10kg 까지 측정가능해요 그 외 자세한 내용은 저도 몰라요 택배 또는 큰마을네거리 근처에서 비대면 거래합니다,7
로케트 Plus Edition RP200-12 배터리,"70,000원",대전 서구 둔산동,끌올 50분 전,판매중,https://www.daangn.com/kr/buy-sell/%EB%A1%9C%EC%BC%80%ED%8A%B8-plus-edition-rp200-12-%EB%B0%B0%ED%84%B0%EB%A6%AC-o5be5zrpxu34/,얼죽아,"로케트 Plus Edition RP200-12 산업용 배터리 판매합니다. 12V 200AH 제품이에요. 제조일자는 22년 7월 14일입니다 전기실 안 전기함에서 상시충전중이던 배터리입니다. 가로 525mm 세로 281mm 높리 223mm입니다. 무게는 55kg이에요 모두 12.7V이상 측정됩니다! 대용량이라 캠핑, 낚시, 아웃도어 하시는분들도 추천드려요. 1개당 가격이에요. 거래는 오정동에서 가능합니다",7
삼성 외장하드 Y3 2TB HX-MK20Y3C,"120,000원",대전 서구 둔산동,끌올 51분 전,판매중,https://www.daangn.com/kr/buy-sell/%EC%82%BC%EC%84%B1-%EC%99%B8%EC%9E%A5%ED%95%98%EB%93%9C-y3-2tb-hx-mk20y3c-u6r76mfbt3ks/,땅꼬마,삼성 외장하드 Y3 2TB 모델입니다 모델명은 HX-MK20Y3C입니다 - 슬림하고 가벼운 디자인으로 휴대하기 편리합니다 - 데이터 보호 기능으로 안심하고 사용할 수 있습니다 케이스와 케이블 함께 드립니다 쿠팡에서 15만9천원에 구매했고 일주일지났습니다 사용도안한 세제품이에요! 필요해서 샀는데 필요가없어져서 판매해여 ㅠㅠ,9
산업안전지도사 필기 교재,"60,000원",대전 서구 둔산동,51분 전,판매중,https://www.daangn.com/kr/buy-sell/%EC%82%B0%EC%97%85%EC%95%88%EC%A0%84%EC%A7%80%EB%8F%84%EC%82%AC-%ED%95%84%EA%B8%B0-%EA%B5%90%EC%9E%AC-4v42arnu2idj/,썬더,산업안전지도사 1차 필기 교재입니다 2026년까지 사용 가능합니다 새상품입니다. 올해 시험보려고 했으나 미응시로 필요하신분게 판매합니다. 쿨거래시 에눌가능,5
새제품 이케아 MACKAPAR 코트걸이 신발수납 세트,"45,000원",대전 서구 둔산동,54분 전,판매중,https://www.daangn.com/kr/buy-sell/%EC%83%88%EC%A0%9C%ED%92%88-%EC%9D%B4%EC%BC%80%EC%95%84-mackapar-%EC%BD%94%ED%8A%B8%EA%B1%B8%EC%9D%B4-%EC%8B%A0%EB%B0%9C%EC%88%98%EB%82%A9-%EC%84%B8%ED%8A%B8-g8hkrzwev3uz/,당근소보로,시청역 직거래합니다! 박스채 미개봉 미사용,6
"갤럭시 a23 128gb 블랙, 화이트","100,000원",대전 서구 둔산동,56분 전,판매중,https://www.daangn.com/kr/buy-sell/%EA%B0%A4%EB%9F%AD%EC%8B%9C-a23-128gb-%EB%B8%94%EB%9E%99-%ED%99%94%EC%9D%B4%ED%8A%B8-uirku8g8k4mg/,잔소리쟁이,사무실에서 사용하던 폰 정리합니다!! 정상해지된 폰입니다!! 연락주세요! 개당 10만,6
센트룸 맨 더블업 60정(2개월분) 3개 새상품,"15,000원",대전 서구 둔산동,끌올 56분 전,판매중,https://www.daangn.com/kr/buy-sell/%EC%84%BC%ED%8A%B8%EB%A3%B8-%EB%A7%A8-%EB%8D%94%EB%B8%94%EC%97%85-60%EC%A0%95-2%EA%B0%9C%EC%9B%94%EB%B6%84-3%EA%B0%9C-%EC%83%88%EC%83%81%ED%92%88-68dsz2jmme4t/,로렌맘,센트룸 맨 더블업 60정 3개 개봉안한 새제품입니다 1개당 15000원에 판매할게요 남성을 위한 23가지 비타민과 미네랄을 함유하고 있습니다 소비기한은 2026년 11월 5일까지입니다 비대면문고리거래요!,6
주식 투자 도서 3권,"6,000원",대전 서구 둔산동,끌올 57분 전,판매중,https://www.daangn.com/kr/buy-sell/%EC%A3%BC%EC%8B%9D-%ED%88%AC%EC%9E%90-%EB%8F%84%EC%84%9C-3%EA%B6%8C-xx5qwouieg6h/,달팽이전문가10년차,주식 투자 관련 도서 3권 - 제시 리버모어 - 승률 게임 - 데이트레이딩 상태는 사진 참고해주세요~ 상태는좋습니다 내부도 새책처럼깔끔합니다 가격은 개별가격입니당 교환환불xxxxxx,6
베고니아 신밧드,"5,000원",대전 서구 둔산동,58분 전,판매중,https://www.daangn.com/kr/buy-sell/%EB%B2%A0%EA%B3%A0%EB%8B%88%EC%95%84-%EC%8B%A0%EB%B0%A7%EB%93%9C-u2prffs5tvxf/,딩가,목베고니아 신밧드입니다. 화분 : 지름 8cm,9
Mackage Moritz-X 블랙 패딩 40사이즈,"620,000원",대전 서구 둔산동,끌올 59분 전,판매중,https://www.daangn.com/kr/buy-sell/mackage-moritz-x-%EB%B8%94%EB%9E%99-%ED%8C%A8%EB%94%A9-40%EC%82%AC%EC%9D%B4%EC%A6%88-szopsdkaeof5/,당근도둑,맥케이지 모르츠 X 블랙 실버퍼 패딩입니다 사이즈는 40사이즈입니다 실착은 l-xl정도 됩니다! 네고 가능합니다  궁금하신건 사진 더 찍어서 보내줄수 있어요 편하게 연락주세요!,11
4월 전일정 박효신 A&E 2026 인천 콘서트,"250,000원",대전 서구 둔산동,60분 전,판매중,https://www.daangn.com/kr/buy-sell/4%EC%9B%94-%EC%A0%84%EC%9D%BC%EC%A0%95-%EB%B0%95%ED%9A%A8%EC%8B%A0-a-e-2026-%EC%9D%B8%EC%B2%9C-%EC%BD%98%EC%84%9C%ED%8A%B8-f8nxdugsbf1w/,누구세용,"박효신 LIVE A & E 2026 인천 콘서트  인천문학경기장 주경기장 4월 4일(토) 연석 FLOOR &3구역 2열  FLOOR &10구역 2열 4월 5일(일) 연석 FLOOR &14구역 1,2열 4월 11일(토) 연석 FLOOR &1구역 1열 FLOOR &4구역 2열  낱개로도 구매가 가능합니다",5
호식이두마리치킨 7천원 요기요 할인쿠폰,300원,대전 동구 대동,1시간 전,판매중,https://www.daangn.com/kr/buy-sell/%ED%98%B8%EC%8B%9D%EC%9D%B4%EB%91%90%EB%A7%88%EB%A6%AC%EC%B9%98%ED%82%A8-7%EC%B2%9C%EC%9B%90-%EC%9A%94%EA%B8%B0%EC%9A%94-%ED%95%A0%EC%9D%B8%EC%BF%A0%ED%8F%B0-xe2724zwu59s/,당근온도,"요기요 앱에서 호식이두마리치킨 주문 시 사용 가능한 7,000원 할인 쿠폰입니다 2월 11일(수)부터 2월 13일(금)까지 사용 가능합니다",5
슈퍼윙스 월드비행본부,"10,000원",대전 서구 둔산동,1시간 전,판매중,https://www.daangn.com/kr/buy-sell/%EC%8A%88%ED%8D%BC%EC%9C%99%EC%8A%A4-%EC%9B%94%EB%93%9C%EB%B9%84%ED%96%89%EB%B3%B8%EB%B6%80-c56joi89d72c/,byeol,"슈퍼윙스 월드비행본부 입니다 파손, 변색 없이 깨끗합니다 빛, 소리도 잘 나와요 가격제안 받아요~ 환불 X",6
미니빈티지 유리문 나무 수납장,"30,000원",대전 서구 둔산동,1시간 전,판매중,https://www.daangn.com/kr/buy-sell/%EB%AF%B8%EB%8B%88%EB%B9%88%ED%8B%B0%EC%A7%80-%EC%9C%A0%EB%A6%AC%EB%AC%B8-%EB%82%98%EB%AC%B4-%EC%88%98%EB%82%A9%EC%9E%A5-zu4f5bo5c33z/,가을바람,빈티지 스타일의 나무 수납장입니다 - 유리문으로 되어있어 내부를 확인할 수 있습니다 - 하단에 서랍 2개가 있어 수납 공간이 넉넉합니다 - 나무 재질로 만들어져 튼튼하고 오래 사용할 수 있습니다 - 갈색톤으로 은은한 분위기를 연출합니다 31-36센치,7
자라 바스켓백(새상품),"38,000원",대전 서구 둔산동,끌올 1시간 전,판매중,https://www.daangn.com/kr/buy-sell/%EC%9E%90%EB%9D%BC-%EB%B0%94%EC%8A%A4%EC%BC%93%EB%B0%B1-%EC%83%88%EC%83%81%ED%92%88-5216ie9mqsii/,스누피,트랜비에서 7만원대 구입했는데 색감이랑 디자인은 맘에드는데 생각보다 사이즈가 커서 한번도 안쓰고 보관만한 상태예요 현재는 품절된상태고 직접 가지러 오셔야하고  예민하신분 찔러보기 택배거래 사양합니다 가로 58 세로38 폭 19,8
대형 화이트보드 판매(2500*1250),"100,000원",대전 서구 둔산동,1시간 전,판매중,https://www.daangn.com/kr/buy-sell/%EB%8C%80%ED%98%95-%ED%99%94%EC%9D%B4%ED%8A%B8%EB%B3%B4%EB%93%9C-%ED%8C%90%EB%A7%A4-2500-1250-12wwg3fdn63d/,겨울체리,"학원 정리로 인해 대형 화이트보드 판매합니다. 사이즈는 2500*1250 이며, 구매 후 1년도 채 사용하지 않아 상태 좋습니다. 비싸게 주고 설치한 제품이라 퀄리티 좋습니다. 위치는 대전 탄방동이고, 부피가 큰 제품이라 직접 가져가셔야 합니다. 관심 있으신 분은 연락 주세요 🙂",5
아디다스 오리지널 맨투맨 (가격조정없음),"15,000원",대전 서구 둔산동,끌올 1시간 전,판매중,https://www.daangn.com/kr/buy-sell/%EC%95%84%EB%94%94%EB%8B%A4%EC%8A%A4-%EC%98%A4%EB%A6%AC%EC%A7%80%EB%84%90-%EB%A7%A8%ED%88%AC%EB%A7%A8-%EA%B0%80%EA%B2%A9%EC%A1%B0%EC%A0%95%EC%97%86%EC%9D%8C-9xfrpiu9qgy5/,스누피,"아디다스 Originals 투톤 맨투맨 L사이즈입니다  블루와 베이지컬러 두가지색상은 수직으로  절개하여 합친 스타일이고 현재는 단종된 시즌 한정판이었어요  아이들이 무채색옷을 조아해서. 거의몇번입지않고 보관만했고 서랍에 접어 넣어서 생긴 주름입니다 전체적으로 깨끗하지만 생활감,생활기스 있을수 있으니 예민하신분, 찔러보기, 보고 판단하고 입어보시겠다는분들, 반품 절대 사양합니다  최소한 채팅매너도 지켜주시고 당근페이로 선입금시 문고리거래만 하겠습니다 (대략 품은58/ 기장 71정도)",11
카봇 에이스 레스큐 올스타,"10,000원",대전 서구 둔산동,1시간 전,판매중,https://www.daangn.com/kr/buy-sell/%EC%B9%B4%EB%B4%87-%EC%97%90%EC%9D%B4%EC%8A%A4-%EB%A0%88%EC%8A%A4%ED%81%90-%EC%98%AC%EC%8A%A4%ED%83%80-tp1tpw385qdb/,byeol,"카봇 에이스 레스큐 올스타 입니다 파손, 변색 없이 깨끗합니다 빛, 소리도 잘 나와요 가격제안 받아요~ 환불 X",6
앤틱 탁상 시계,"120,000원",대전 서구 둔산동,1시간 전,판매중,https://www.daangn.com/kr/buy-sell/%EC%95%A4%ED%8B%B1-%ED%83%81%EC%83%81-%EC%8B%9C%EA%B3%84-fz2pjoiy69sd/,가을바람,"앤틱 스타일의 탁상 시계입니다 나무 재질로 되어있고, 갈색톤입니다 섬세한 장식 디테일이 돋보입니다 높이40센치 가로29센치",8
대형 칠판 판매(2500*1250),"200,000원",대전 서구 둔산동,1시간 전,판매중,https://www.daangn.com/kr/buy-sell/%EB%8C%80%ED%98%95-%EC%B9%A0%ED%8C%90-%ED%8C%90%EB%A7%A4-2500-1250-5kyayk9kb3y2/,겨울체리,"학원 정리로 인해 대형 칠판 판매합니다. 사이즈는 2500*1250 이며, 구매 후 1년도 채 사용하지 않아 상태 좋습니다. 비싸게 주고 설치한 제품이라 퀄리티 좋습니다. 위치는 대전 탄방동이고, 부피가 큰 제품이라 직접 가져가셔야 합니다. 관심 있으신 분은 연락 주세요 🙂",5
버버리 빈티지 실크 스카프 새상품급,"100,000원",대전 서구 둔산동,끌올 1시간 전,판매중,https://www.daangn.com/kr/buy-sell/%EB%B2%84%EB%B2%84%EB%A6%AC-%EB%B9%88%ED%8B%B0%EC%A7%80-%EC%8B%A4%ED%81%AC-%EC%8A%A4%EC%B9%B4%ED%94%84-%EC%83%88%EC%83%81%ED%92%88%EA%B8%89-1c4ux8zpvnnm/,우왘,"버버리(Burberrys) 빈티지 실크 스카프 - 사이즈는 약 90cm x 90cm입니다 - 부드러운 실크 소재입니다 - 베이지색 바탕에 버버리 특유의 체크 패턴이 고급스러워요 - 특별한 날 포인트로 연출하기 좋습니다 이 제품은 버버리가 1999년 이전에 사용하던 로고인 'Burberrys'(끝에 's'가 붙은 형태)가 새겨진 빈티지 모델로, 승마 채찍(Whip)과 말 머리 장식 등이 어우러진 클래식한 테마의 디자인입니다. ​제품 상세 정보 ​브랜드: Burberrys (빈티지 버버리) ​패턴명: 에퀘스트리안/윕(Equestrian/Whip) 테마 ​소재: 100% 실크 (Silk) ​특징: 버버리 특유의 노바 체크(Nova Check) 테두리와 중앙의 화려한 골드 톤 그래픽이 특징인 스퀘어 스카프입니다. 거의 새제품 상태 최상입니다.",8
알레시(Alessi) '비엔나(Vienna)' 쓰레기통 휴지통,"300,000원",대전 서구 둔산동,끌올 1시간 전,판매중,https://www.daangn.com/kr/buy-sell/%EC%95%8C%EB%A0%88%EC%8B%9C-alessi-%EB%B9%84%EC%97%94%EB%82%98-vienna-%EC%93%B0%EB%A0%88%EA%B8%B0%ED%86%B5-%ED%9C%B4%EC%A7%80%ED%86%B5-ikmpjqe9a5h3/,우왘,"알레시(Alessi)**의 '비엔나(Vienna)' 쓰레기통입니다. 실제로는 비닐 및 쇼핑백 보관용으로 썼습니다. 아실 만한 분들만 구매하실 테니 설명은 필요도 없겠지만, 설명은 아래와 같습니다. 아래는 제미나이 검색내용입니다. ​유명 디자이너 **알레산드로 멘디니(Alessandro Mendini)**가 디자인한 제품으로, 고전적인 휴지통 실루엣에 화려한 금색 핸들과 노브(손잡이)를 더해 포스트모던한 감성을 담아낸 것이 특징입니다. ​제품 상세 정보 ​브랜드: 알레시 (Alessi) ​디자이너: 알레산드로 멘디니 (Alessandro Mendini) ​특징: 본체 전면에 특유의 별 모양(*) 양각 로고가 있으며, 화려한 바로크 스타일의 금색 손잡이가 달려 있습니다. 페달식으로 작동하며 내부에 별도의 버킷이 포함된 구조입니다.​ 이 제품은 현재 단종되었거나 구하기 힘든 빈티지 디자인 소품으로 분류되어 컬렉터들 사이에서 인기가 높습니다. 해외 빈티지 사이트에서는 상태에 따라 $400 ~ $600 선에 거래되기도 합니다.",14
르쿠르제 루크루제 무쇠 냄비 22cm 옐로우 찜기포함,"150,000원",대전 서구 둔산동,끌올 1시간 전,판매중,https://www.daangn.com/kr/buy-sell/%EB%A5%B4%EC%BF%A0%EB%A5%B4%EC%A0%9C-%EB%A3%A8%ED%81%AC%EB%A3%A8%EC%A0%9C-%EB%AC%B4%EC%87%A0-%EB%83%84%EB%B9%84-22cm-%EC%98%90%EB%A1%9C%EC%9A%B0-%EC%B0%9C%EA%B8%B0%ED%8F%AC%ED%95%A8-ewdair5keznc/,우왘,르쿠르제 르크루제 무쇠 냄비 22cm 옐로우 색상입니다 찜기 함께 드립니다 무쇠 재질로 열 보존율이 뛰어나 요리가 맛있게 됩니다 색감 정말 예뻐요. 제품만 있습니다.,11
티파니앤코 리턴 투 하트 팔찌팝니다,"150,000원",대전 서구 둔산동,1시간 전,판매중,https://www.daangn.com/kr/buy-sell/%ED%8B%B0%ED%8C%8C%EB%8B%88%EC%95%A4%EC%BD%94-%EB%A6%AC%ED%84%B4-%ED%88%AC-%ED%95%98%ED%8A%B8-%ED%8C%94%EC%B0%8C%ED%8C%9D%EB%8B%88%EB%8B%A4-d6h7izydtngw/,징니,"티파니앤코 리턴 투 티파니 팔찌입니다 면세에서 구매한 정품인데 상자 케이스는 없고 더스트백만 있어요 사이즈는xs이였던걸로 기억하는데 제 손목둘레는 14cm정도 되네요, 팬던트에 생활기스는 있는점 유의해주세요",8
중소기업 인사노무관리.단편소설 책.도서,500원,경기 수원시 영통구 매탄동,끌올 1시간 전,판매중,https://www.daangn.com/kr/buy-sell/%EC%A4%91%EC%86%8C%EA%B8%B0%EC%97%85-%EC%9D%B8%EC%82%AC%EB%85%B8%EB%AC%B4%EA%B4%80%EB%A6%AC-%EB%8B%A8%ED%8E%B8%EC%86%8C%EC%84%A4-%EC%B1%85-%EB%8F%84%EC%84%9C-erxvicx355ou/,서영화광,권당 입니다 거래는 용머리어린이공원.오룡역 근처에서 합니다.  구매자가 원하는 위치도 가능합니다. 택배 및 반값택배 가능합니다 직장 때문에 답변이 늦을 수 있어요. 문자 남겨주시면 늦어도 저녁 쯤 답장 보내드릴게요,5
샌디스크 익스트림 프로 듀얼 드라이브 2TB 미개봉,"225,000원",대전 서구 둔산동,끌올 1시간 전,판매중,https://www.daangn.com/kr/buy-sell/%EC%83%8C%EB%94%94%EC%8A%A4%ED%81%AC-%EC%9D%B5%EC%8A%A4%ED%8A%B8%EB%A6%BC-%ED%94%84%EB%A1%9C-%EB%93%80%EC%96%BC-%EB%93%9C%EB%9D%BC%EC%9D%B4%EB%B8%8C-2tb-%EB%AF%B8%EA%B0%9C%EB%B4%89-ynczcq47g22o/,pacosanta,샌디스크 익스트림 프로 듀얼 드라이브 2TB  - 미개봉 신품,5
대형 칠판 판매(3400*1250),"300,000원",대전 서구 둔산동,1시간 전,판매중,https://www.daangn.com/kr/buy-sell/%EB%8C%80%ED%98%95-%EC%B9%A0%ED%8C%90-%ED%8C%90%EB%A7%A4-3400-1250-8c4qwhf7k1om/,겨울체리,"학원 정리로 인해 대형 칠판 판매합니다. 사이즈는 3400*1250 이며, 구매 후 1년도 채 사용하지 않아 상태 좋습니다. 100만원 넘게 주고 설치한 제품입니다. 위치는 대전 탄방동이고, 부피가 큰 제품이라 직접 가져가셔야 합니다. 관심 있으신 분은 연락 주세요 🙂",5
"진도 엘페 다이애나 블랙 55 새상품급,가격내림73만","730,000원",대전 서구 둔산동,끌올 1시간 전,판매중,https://www.daangn.com/kr/buy-sell/%EC%A7%84%EB%8F%84-%EC%97%98%ED%8E%98-%EB%8B%A4%EC%9D%B4%EC%95%A0%EB%82%98-%EB%B8%94%EB%9E%99-55-%EC%83%88%EC%83%81%ED%92%88%EA%B8%89-%EA%B0%80%EA%B2%A9%EB%82%B4%EB%A6%BC73%EB%A7%8C-99cyv8f7mivj/,이진이봄이,"고급스러운 SAGA RANCH 블랙 밍크 자켓입니다 전체적으로 상태 양호하며, 밍크 특유의 윤기가 살아있어 고급스러움을 더해줍니다 가슴둘레 91cm, 엉덩이둘레 98cm, 신장 160cm에 적합한 55사이즈입니다 따뜻하고 세련된 디자인으로 다양한 스타일에 매치하기 좋습니다 유행안타는 디자인으로 젊어보이는 밍크입니다 최상급 다이애나 블랙으로 입으면 더 고급스러워요  오백만원 넘게 신세계 강남에서 구매후 다른 밍크를 입느라고 몇번 안입어서 상태 좋습니다 득템하세요  73만 노리턴 노환불 매너거래 원해요  택배가능 착불",9
베고니아 스카피게라,"8,000원",대전 서구 둔산동,1시간 전,판매중,https://www.daangn.com/kr/buy-sell/%EB%B2%A0%EA%B3%A0%EB%8B%88%EC%95%84-%EC%8A%A4%EC%B9%B4%ED%94%BC%EA%B2%8C%EB%9D%BC-noju5qrdor4o/,딩가,"약간의 광택이 있는 동글동글 연두잎, 테두리는 붉은 라인이 특징이에요. 화분 : 지름 6.5cm  팔각",10
(새상품)독학으로 끝내는 금융공기업 논술,"4,000원",대전 서구 둔산동,끌올 1시간 전,판매중,https://www.daangn.com/kr/buy-sell/%EC%83%88%EC%83%81%ED%92%88-%EB%8F%85%ED%95%99%EC%9C%BC%EB%A1%9C-%EB%81%9D%EB%82%B4%EB%8A%94-%EA%B8%88%EC%9C%B5%EA%B3%B5%EA%B8%B0%EC%97%85-%EB%85%BC%EC%88%A0-f9c14qqi1496/,또또106,금융공기업 논술 대비책입니다. 완전 새책이에요 27000-> 5000,5
공기업 NCS 독학으로 끝내는 PSAT 문제해결+자원관리능력,"4,000원",대전 서구 둔산동,끌올 1시간 전,판매중,https://www.daangn.com/kr/buy-sell/%EA%B3%B5%EA%B8%B0%EC%97%85-ncs-%EB%8F%85%ED%95%99%EC%9C%BC%EB%A1%9C-%EB%81%9D%EB%82%B4%EB%8A%94-psat-%EB%AC%B8%EC%A0%9C%ED%95%B4%EA%B2%B0-%EC%9E%90%EC%9B%90%EA%B4%80%EB%A6%AC%EB%8A%A5%EB%A0%A5-s82srk12p9uu/,또또106,문제랑 해설 세트입니다. 앞에 약간 메모가 되어있는데 풀지는 않았어요! 일괄 5000원,6
공룡 피규어 15종 세트,"2,000원",대전 서구 둔산동,끌올 1시간 전,판매중,https://www.daangn.com/kr/buy-sell/%EA%B3%B5%EB%A3%A1-%ED%94%BC%EA%B7%9C%EC%96%B4-15%EC%A2%85-%EC%84%B8%ED%8A%B8-x3j9k4drrqem/,사색하는토끼,"다양한 종류와 색상의 공룡 피규어 세트입니다 총 15개이고 아이들이 가지고 놀기 좋은 사이즈입니다 깨끗하게 갖고 놀았지만 중고상품인 점 감안하셔야 하고, 구매 후 환불이나 반품은 불가하니 신중하게 구매 부탁드립니다",7
(새상품)스투시 소다캔 기모후드티M,"65,000원",대전 서구 둔산동,끌올 1시간 전,판매중,https://www.daangn.com/kr/buy-sell/%EC%83%88%EC%83%81%ED%92%88-%EC%8A%A4%ED%88%AC%EC%8B%9C-%EC%86%8C%EB%8B%A4%EC%BA%94-%EA%B8%B0%EB%AA%A8%ED%9B%84%EB%93%9C%ED%8B%B0m-ucvwzjg1ys5a/,모찌언니,"스투시 소다캔 기모 후드티 멜란지 그레이 색상 새상품입니다 사진에서 보시는 것처럼 택도 그대로 달려있는 미개봉 새제품이에요 기모 안감으로 따뜻하고 편안하게 착용하기 좋으며, 스투시 특유의 스트릿 감성이 돋보이는 디자인입니다 어떤 코디에도 잘 어울리는 활용도 높은 아이예요. ☑️가단56총장68 병행수입정품 환불,교환❌ 인사.찌르기사절 네고,비매너❌ 불펌금지😩 노쇼차단합니다ㅜ 선입금우선거래 택배(당일택배) 저렴히 올린 금액이니  말도 안되는 에눌은 대화는 정중히 사양하겠습니다🙏 택배요청시 3천원 추가비용~",7
대형 칠판 (3760*1250),"300,000원",대전 서구 둔산동,1시간 전,판매중,https://www.daangn.com/kr/buy-sell/%EB%8C%80%ED%98%95-%EC%B9%A0%ED%8C%90-3760-1250-313rxizegph4/,겨울체리,"학원 정리로 인해 대형 칠판 판매합니다. 사이즈는 3760*1250 이며, 구매 후 1년도 채 사용하지 않아 상태 좋습니다. 100만원 넘게 주고 설치한 제품입니다. 위치는 대전 탄방동이고, 부피가 큰 제품이라 직접 가져가셔야 합니다. 관심 있으신 분은 연락 주세요 🙂",5
다이와 여성아이언세트외 풀세트,"280,000원",대전 서구 둔산동,끌올 1시간 전,판매중,https://www.daangn.com/kr/buy-sell/%EB%8B%A4%EC%9D%B4%EC%99%80-%EC%97%AC%EC%84%B1%EC%95%84%EC%9D%B4%EC%96%B8%EC%84%B8%ED%8A%B8%EC%99%B8-%ED%92%80%EC%84%B8%ED%8A%B8-6f2iavaasyhn/,01031469294,다이와정품  아이언 6789pas ㅡ   28만원 드라이버 우드 유틸 퍼터  캐디백 ㅡ  45만원 유틸만 해두 신품 30만원 넘게주고 구입했습니다 공일공사육사육 팔일공팔 ㅡ 전화주심 쿨네고 가능 일괄은  55만원 네고 불가  합니다   연습장보관중  시타도 가능합니다,11
또봇 Y 스마트키,"20,000원",대전 서구 둔산동,1시간 전,판매중,https://www.daangn.com/kr/buy-sell/%EB%98%90%EB%B4%87-y-%EC%8A%A4%EB%A7%88%ED%8A%B8%ED%82%A4-gdsnxguiwz47/,byeol,"또봇 Y 스마트키 입니다 파손, 변색 없이 깨끗합니다 소리도 잘 나와요 가격제안 받아요~ 환불 X",5
미즈노 MX-25 아이언 세트 외 골프세트,"185,000원",대전 서구 둔산동,끌올 1시간 전,판매중,https://www.daangn.com/kr/buy-sell/%EB%AF%B8%EC%A6%88%EB%85%B8-mx-25-%EC%95%84%EC%9D%B4%EC%96%B8-%EC%84%B8%ED%8A%B8-%EC%99%B8-%EA%B3%A8%ED%94%84%EC%84%B8%ED%8A%B8-u1nhpc4fr36u/,01031469294,"드라이버ㆍ우드 ㆍ유틸 ㆍ미즈노 MX-25 아이언56789 세트와 렌스필드 웨지p  s, 콩코드 퍼터, 인터내셔널 크라운 골프백 함께 판매합니다 아이언은 MX-25 모델이며, 웨지pw  sw  는 렌스필드 제품입니다 퍼터는 Concorde 모델입니다 전체적으로 사용감은 있지만  사용상 문제 없습니다 그립 교환하지 않고 사용가능한  상태입니다  010 4646  8108  전화주심  쿨네고 해드립니다",8
에르메스 여성 가죽 장갑 블랙 당근합니다,"65,000원",대전 서구 둔산동,1시간 전,판매중,https://www.daangn.com/kr/buy-sell/%EC%97%90%EB%A5%B4%EB%A9%94%EC%8A%A4-%EC%97%AC%EC%84%B1-%EA%B0%80%EC%A3%BD-%EC%9E%A5%EA%B0%91-%EB%B8%94%EB%9E%99-%EB%8B%B9%EA%B7%BC%ED%95%A9%EB%8B%88%EB%8B%A4-pr9bw5erumf1/,새하얀빛으로,"도톰한 퍼 안감으로 보온성 좋아요 착용 안 하고 보관만 해서 상태 좋아요 스마트폰 터치 지원돼 외출 시 편해요",8
"다이와온오프G-three 여성 골프채 풀세트 (드라이버, 우드, 유틸, 아이언, 퍼터)","899,000원",대전 대덕구 오정동,끌올 1시간 전,판매중,https://www.daangn.com/kr/buy-sell/%EB%8B%A4%EC%9D%B4%EC%99%80%EC%98%A8%EC%98%A4%ED%94%84g-three-%EC%97%AC%EC%84%B1-%EA%B3%A8%ED%94%84%EC%B1%84-%ED%92%80%EC%84%B8%ED%8A%B8-%EB%93%9C%EB%9D%BC%EC%9D%B4%EB%B2%84-%EC%9A%B0%EB%93%9C-%EC%9C%A0%ED%8B%B8-%EC%95%84%EC%9D%B4%EC%96%B8-%ED%8D%BC%ED%84%B0-6ijc21muz39m/,골린,"G-three(G-three premium gold) 여성용 골프채 풀세트입니다 정품 보장 as가능 드라이버, 우드(4번), 유틸리티(U5), 아이언(6,7,8,9,P,A,S),  신품퍼터 (20만원상당)구성으로 풀세트입니다 샤프트는 퍼플 컬러의 DAIWA G-three premium gold 샤프트이며, 샤프트에 꽃무늬 디자인이 있어 세련된 느낌을 줍니다 전반적으로 사용감은 있으나, 클럽 헤드와 샤프트 상태는 양호합니다 루즈벨트 캐디백A급 연습장만사용했습니다 시타  교환가능 01046678106 전화주심  쿨네고",14
다이와온오프 여성골프세트,"899,000원",대전 대덕구 오정동,끌올 1시간 전,판매중,https://www.daangn.com/kr/buy-sell/%EB%8B%A4%EC%9D%B4%EC%99%80%EC%98%A8%EC%98%A4%ED%94%84-%EC%97%AC%EC%84%B1%EA%B3%A8%ED%94%84%EC%84%B8%ED%8A%B8-4r7h87gu9mja/,골린,골프채 풀세트 판매합니다. 다이와   드라이버  우드  유틸 다이와온오프 8아이언세트  일본제조   중국산 비교× 경량캐디백  미사용  미봉만했습니다 전체 그립 AAA급 입니다  신품급입니다 반달 퍼터 usa 01046678106 문자나  전화주세요 시간 맞음 시타도  가능합니다 전화주시고 쿨거래시   쿨네고,14
남성 골프채 풀세트 sr플렉스,"499,000원",대전 대덕구 오정동,끌올 1시간 전,판매중,https://www.daangn.com/kr/buy-sell/%EB%82%A8%EC%84%B1-%EA%B3%A8%ED%94%84%EC%B1%84-%ED%92%80%EC%84%B8%ED%8A%B8-sr%ED%94%8C%EB%A0%89%EC%8A%A4-6qdebft5k1uo/,골린,남성골프 클럽 풀세트 판매합니다! - 드라이버 우드 유틸 ㅡ 나이키 - 퍼터 - 아이언 구성   5  6  7  8 9 p  s  ㅡ 테일러메이드  정품   상태A급입니다 전체  그립  상태  좋습니다 샤프트 60r 이라서  50sr보다 단단합니다 사무실에  연습타석 작게  만들어 놓아서 시타도  가능합니다  비거리 측정도 가능요 비거리  짱짱하게 나와요 - 14구 골프백 포함 경량스탠드  직거래  선호  01046678106  전화주시고 쿨거래시  쿨네고 가능,11
블랙 니트(F),"8,000원",대전 서구 둔산동,끌올 1시간 전,판매중,https://www.daangn.com/kr/buy-sell/%EB%B8%94%EB%9E%99-%EB%8B%88%ED%8A%B8-f-2zfynntc59fw/,호롤롤롤롤,사이즈  F 총장 62 어깨 61 소매 48 가슴 55 🌝비대면 문고리 거래🌝 🌝선입금 확인 후 주소 보내드려요🌝 🌝환불 불가🌝,9
검정색 플리츠 미니스커트 치마 F,"8,000원",대전 서구 둔산동,끌올 1시간 전,판매중,https://www.daangn.com/kr/buy-sell/%EA%B2%80%EC%A0%95%EC%83%89-%ED%94%8C%EB%A6%AC%EC%B8%A0-%EB%AF%B8%EB%8B%88%EC%8A%A4%EC%BB%A4%ED%8A%B8-%EC%B9%98%EB%A7%88-f-6uuz9zdobvf6/,호롤롤롤롤,사이즈  F 총장 40 허리32 엉덩이44 🌝비대면 문고리 거래🌝 🌝선입금 확인 후 주소 보내드려요🌝 🌝환불 불가🌝,6
삼성 64GB PC4-2666 서버램 메모리 DDR4 ECC 4개 남 일괄 190만원,"500,000원",대전 서구 둔산동,끌올 1시간 전,판매중,https://www.daangn.com/kr/buy-sell/%EC%82%BC%EC%84%B1-64gb-pc4-2666-%EC%84%9C%EB%B2%84%EB%9E%A8-%EB%A9%94%EB%AA%A8%EB%A6%AC-ddr4-ecc-4%EA%B0%9C-%EB%82%A8-%EC%9D%BC%EA%B4%84-190%EB%A7%8C%EC%9B%90-7nnap2yx137r/,kimjang,"삼성 64GB PC4-2666V-L 4DRx4 ECC  서버용 메모리입니다 개인 서버/워크스테이션 업그레이드 탈착 제품입니다  4개  남았습니다 개당 500,000 만원 일괄시 190만원 더이상 네고 안받습니다.  택배시 우체국 착불",6
루이비통 스피디30,"500,000원",대전 서구 둔산동,끌올 1시간 전,판매중,https://www.daangn.com/kr/buy-sell/%EB%A3%A8%EC%9D%B4%EB%B9%84%ED%86%B5-%EC%8A%A4%ED%94%BC%EB%94%9430-zromamf3o5m5/,qwerasdf,루이비통 스피디 30 상태 좋아요 루이비통 매장에서 구매했고 사진 보시면 증명서 있습니다,8
BON 남성 네이비 블레이저,"35,000원",대전 서구 둔산동,1시간 전,판매중,https://www.daangn.com/kr/buy-sell/bon-%EB%82%A8%EC%84%B1-%EB%84%A4%EC%9D%B4%EB%B9%84-%EB%B8%94%EB%A0%88%EC%9D%B4%EC%A0%80-4tc1qjxkz7bo/,다이버,"BON 남성 정장 set입니다 색상은 네이비(블루빛이 나기도 해요)이며, 스트레치 기능이 있어 편안하게 착용 가능합니다  상태는 매우 양호합니다살이 쪄서 바지가 너무 타이트해져판매합니다 간절기와 겨울에도 착용가능한 BON 제품이고 사이즈는 상의(100),하의(78)-허리30에 해당하고 슬림핏이니 참고하세요 중고 제품특성상 반품은 어렵습니다",7
오아 아이브릭 미니 블루투스 스피커,"13,000원",대전 서구 월평동,끌올 1시간 전,판매중,https://www.daangn.com/kr/buy-sell/%EC%98%A4%EC%95%84-%EC%95%84%EC%9D%B4%EB%B8%8C%EB%A6%AD-%EB%AF%B8%EB%8B%88-%EB%B8%94%EB%A3%A8%ED%88%AC%EC%8A%A4-%EC%8A%A4%ED%94%BC%EC%BB%A4-ehckhkavgphd/,안녕하세요,사용감 조금 있는 정도 입니다 크기에 비해 소리 크고 휴대용 으로 가지고 다니기 편해요,10
나무 팔레트 나눔합니다,나눔,대전 서구 둔산동,1시간 전,판매중,https://www.daangn.com/kr/buy-sell/%EB%82%98%EB%AC%B4-%ED%8C%94%EB%A0%88%ED%8A%B8-%EB%82%98%EB%88%94%ED%95%A9%EB%8B%88%EB%8B%A4-qzpudi5g8usd/,롸라,나무 팔레트입니다 일괄로 가져가실수 있는분께 나눔합니다 직접 오셔서 가져가셔야돼요,8
[자급제/미개봉] 아이폰17프로맥스 전색상 판매합니다,"1,920,000원",대전 서구 둔산동,끌올 1시간 전,판매중,https://www.daangn.com/kr/buy-sell/%EC%9E%90%EA%B8%89%EC%A0%9C-%EB%AF%B8%EA%B0%9C%EB%B4%89-%EC%95%84%EC%9D%B4%ED%8F%B017%ED%94%84%EB%A1%9C%EB%A7%A5%EC%8A%A4-%EC%A0%84%EC%83%89%EC%83%81-%ED%8C%90%EB%A7%A4%ED%95%A9%EB%8B%88%EB%8B%A4-2hhans63x3rg/,직거래만,"개봉하지 않은 미개봉 새상품입니다 통신사제품이 아닌 자급제입니다. 애플공식샵에서 구매한제품입니다. 기종 : 아이폰17프로맥스 용량 : 256G 구매가능색상 : 오렌지192, 블루193, 실버195 상태 : 개봉하지 않은 완전새제품 통신사,알뜰폰 상관없이 유심만넣고 바로 사용하시면 됩니다 네고는 불가합니다 선물용으로도 가능합니다 현금인출거래합니다 계좌이체 195, 196, 198만원 안팔리면 업체넘깁니다 품절시 글내립니다",6
또봇 Z 스마트키,"10,000원",대전 서구 둔산동,1시간 전,판매중,https://www.daangn.com/kr/buy-sell/%EB%98%90%EB%B4%87-z-%EC%8A%A4%EB%A7%88%ED%8A%B8%ED%82%A4-t8k8gjvzwiwv/,byeol,"또봇 Z 스마트키 입니다 파손, 변색 없이 깨끗합니다 가격제안 받아요~ 환불 X",5
"[자급제/미개봉] 아이폰17 화이트,블랙 판매합니다","1,140,000원",대전 서구 둔산동,끌올 1시간 전,판매중,https://www.daangn.com/kr/buy-sell/%EC%9E%90%EA%B8%89%EC%A0%9C-%EB%AF%B8%EA%B0%9C%EB%B4%89-%EC%95%84%EC%9D%B4%ED%8F%B017-%ED%99%94%EC%9D%B4%ED%8A%B8-%EB%B8%94%EB%9E%99-%ED%8C%90%EB%A7%A4%ED%95%A9%EB%8B%88%EB%8B%A4-pdcioriebtkv/,직거래만,"개봉하지 않은 미개봉 새상품입니다 통신사제품이 아닌 자급제입니다. 애플공식샵에서 구매한제품입니다. 기종 : 아이폰17 용량 : 256G 구매가능색상 : 화이트, 블랙 상태 : 개봉하지 않은 완전새제품 통신사,알뜰폰 상관없이 유심만넣고 바로 사용하시면 됩니다 네고는 불가합니다 선물용으로도 가능합니다 현금인출거래합니다 계좌이체 117만원 안팔리면 업체넘깁니다",8
아큐브 오아시스 1회용 렌즈,"20,000원",대전 서구 둔산동,1시간 전,판매중,https://www.daangn.com/kr/buy-sell/%EC%95%84%ED%81%90%EB%B8%8C-%EC%98%A4%EC%95%84%EC%8B%9C%EC%8A%A4-1%ED%9A%8C%EC%9A%A9-%EB%A0%8C%EC%A6%88-ba3m83fnqu7i/,secret,"한쪽 30개들이 한상자에서 5개 쓰고 오른쪽 25개 ,왼쪽 25개 남았어요. 도수는 사진 참고해주세요  둘다 2만원에 드립니다  GS나 CU 반값 택배로도 보내드릴 수 있습니다",5
[ 유아도서 ] 오감톡톡 자연관찰 도서,"9,000원",대전 중구 산성동,끌올 1시간 전,판매중,https://www.daangn.com/kr/buy-sell/%EC%9C%A0%EC%95%84%EB%8F%84%EC%84%9C-%EC%98%A4%EA%B0%90%ED%86%A1%ED%86%A1-%EC%9E%90%EC%97%B0%EA%B4%80%EC%B0%B0-%EB%8F%84%EC%84%9C-1ckzj1e16yez/,래미,글뿌리 오감톡톡 자연관찰 도서입니다 아이들이 자연을 쉽고 재미있게 배울 수 있도록 도와줍니다 사진에서 보시는 것처럼 몇 권 없습니다.  _ 예민하신 분 사절 ❌️,5
어성초+유황 천연 수제 비누 수녀원판매,"7,000원",대전 서구 둔산동,끌올 1시간 전,판매중,https://www.daangn.com/kr/buy-sell/%EC%96%B4%EC%84%B1%EC%B4%88-%EC%9C%A0%ED%99%A9-%EC%B2%9C%EC%97%B0-%EC%88%98%EC%A0%9C-%EB%B9%84%EB%88%84-%EC%88%98%EB%85%80%EC%9B%90%ED%8C%90%EB%A7%A4-z95d53t32qce/,푸딩,어성초와 유황으로 만든 천연 수제 비누입니다 포장된 상태로 드립니다 2개 가격 입니다,5
큰 전신 거울 (문걸이용가능),"18,000원",대전 서구 둔산동,끌올 1시간 전,판매중,https://www.daangn.com/kr/buy-sell/%ED%81%B0-%EC%A0%84%EC%8B%A0-%EA%B1%B0%EC%9A%B8-%EB%AC%B8%EA%B1%B8%EC%9D%B4%EC%9A%A9%EA%B0%80%EB%8A%A5-88ookfhnp91s/,평화를빕니다,전신 거울입니다 문에 걸어서 사용하는 형태입니다 흰색프레임이 있어 깔끔합니다 키가커서 큰거울찾았는데  이 거울은 사이즈가 커서 한눈에 전신이 다 보여 시원~합니다. 거는 부분 높이조절가능합니다  상세사이즈는 사진 참고하세요 35900에 구매하여 첫구매자입니다.(중고x) 비대면o 선입금o  당근페이o 계좌이체o 환불반품x 둔산1동입니다,8
해외수입품) 플랩잭키즈 유치원 유아 아동 여아 양면 벙거지 모자 2개,"10,000원",대전 서구 둔산동,끌올 1시간 전,판매중,https://www.daangn.com/kr/buy-sell/%ED%95%B4%EC%99%B8%EC%88%98%EC%9E%85%ED%92%88-%ED%94%8C%EB%9E%A9%EC%9E%AD%ED%82%A4%EC%A6%88-%EC%9C%A0%EC%B9%98%EC%9B%90-%EC%9C%A0%EC%95%84-%EC%95%84%EB%8F%99-%EC%97%AC%EC%95%84-%EC%96%91%EB%A9%B4-%EB%B2%99%EA%B1%B0%EC%A7%80-%EB%AA%A8%EC%9E%90-2%EA%B0%9C-ai3i6te4o88z/,평화를빕니다,"Flap jack kids 플랩잭키즈 유아용 양면 벙거지 모자 두개 입니다 다양한 디자인으로 양면 착용이 가능하고 턱에 벨크로도있어 바람에 날라가지않아 활용도가 높아요. 부드럽지만 튼튼한 면 재질입니다. 4세부터 초등입학전 7세까지 잘 썼습니다. 공작새, 부엉이, 말 등 귀여운 캐릭터와 'Be-you-tiful' 같은 문구가 있어 아이들이 좋아할 거예요 햇빛 차단은 물론 스타일 연출에도 좋은 아이템입니다 전반적으로 깨끗하고 상태 양호합니다.",11
겨울왕국 엘사 어린이 자전거,"43,000원",대전 서구 둔산동,끌올 1시간 전,판매중,https://www.daangn.com/kr/buy-sell/%EA%B2%A8%EC%9A%B8%EC%99%95%EA%B5%AD-%EC%97%98%EC%82%AC-%EC%96%B4%EB%A6%B0%EC%9D%B4-%EC%9E%90%EC%A0%84%EA%B1%B0-pv5wettbm2h9/,평화를빕니다,"겨울왕국 디자인의 아동용 자전거입니다 앞바구니와 딸랑이가 달려있어 아이들이 좋아할 만한 디자인이에요 파스텔톤 색상이 예쁘고, 아이들이 타기에 안전한 구조로 되어있습니다 보조바퀴도 있습니다.",5
여아 발레복 세트 튜튜 슈즈 가디건 타이즈 가방 일괄 초등,"50,000원",대전 서구 둔산동,끌올 1시간 전,판매중,https://www.daangn.com/kr/buy-sell/%EC%97%AC%EC%95%84-%EB%B0%9C%EB%A0%88%EB%B3%B5-%EC%84%B8%ED%8A%B8-%ED%8A%9C%ED%8A%9C-%EC%8A%88%EC%A6%88-%EA%B0%80%EB%94%94%EA%B1%B4-%ED%83%80%EC%9D%B4%EC%A6%88-%EA%B0%80%EB%B0%A9-%EC%9D%BC%EA%B4%84-%EC%B4%88%EB%93%B1-na9b6v8ssvhy/,평화를빕니다,"여자아이 발레복 세트입니다 발레복 모두 국산. 발레복 13호만 벌당 4만원대 구매하고  기타는 벌당 7-8만원 이상 주고 샀습니다. - 핑크색 튜튜 분리형 (5-9호, 타이즈 있음,사진착샷) - 핑크색 튜튜 일체형+ 기디건 (4-5세용 15-17kg, 타이즈있음) - 핑크색 발레복 1벌 (초등2-4학년 13호) 30kg까지 - 검정색 발레복 1벌 (초등2-4학년13호) 30kg까지 - 발레 슈즈 3켤레 (170mm, 215mm, 230mm)  - 발레가방 타이즈는 제일 쉽게 닳는 소모품입니다. 같이 드리지만 새로도 사서 신겨주세요. 얼마안합니다 다양한 구성으로 발레를 시작하는 아이에게 적합하며, 자매가 여러 벌을 번갈아 입히기 좋습니다 신발상태도 너무좋고요. 신발 값만해도 거저입니다… 일괄거래희망합니다.",7
절판 재출판) 계몽사 어린이 세계의 명작 전집 15권,"100,000원",대전 서구 둔산동,끌올 1시간 전,판매중,https://www.daangn.com/kr/buy-sell/%EC%A0%88%ED%8C%90-%EC%9E%AC%EC%B6%9C%ED%8C%90-%EA%B3%84%EB%AA%BD%EC%82%AC-%EC%96%B4%EB%A6%B0%EC%9D%B4-%EC%84%B8%EA%B3%84%EC%9D%98-%EB%AA%85%EC%9E%91-%EC%A0%84%EC%A7%91-15%EA%B6%8C-s79nh3m9dfbn/,평화를빕니다,"새책으로 사서 여아둘이 읽혔습니다. 아름답고 신비로운 삽화가 상상력을 북돋아줍니다. 저도 어릴적 재밌게 읽었던 책이었는데 아이들에게도 읽히고싶어서 구매하고싶었지만 절판되어서 어렵게 구한책입니다. 총 15권으로 구성되어 있습니다. 상태는 아주아주양호합니,",5
"더이상가격조정x) 닌텐도wii 풀세트 정품케이스,정품 팩 포함","90,000원",대전 서구 둔산동,끌올 1시간 전,판매중,https://www.daangn.com/kr/buy-sell/%EB%8D%94%EC%9D%B4%EC%83%81%EA%B0%80%EA%B2%A9%EC%A1%B0%EC%A0%95x-%EB%8B%8C%ED%85%90%EB%8F%84wii-%ED%92%80%EC%84%B8%ED%8A%B8-%EC%A0%95%ED%92%88%EC%BC%80%EC%9D%B4%EC%8A%A4-%EC%A0%95%ED%92%88-%ED%8C%A9-%ED%8F%AC%ED%95%A8-mrqcupt1ay3a/,평화를빕니다,"신상품으로 구매해서 잘보관 한 상품입니다. 사진속 제품 모두 포함. 바로 설치해서 사용가능. 정품설명서 일괄 cd 리더 본체, 전원 어댑터 본체 거치대(과열방지, 구성 외 별도구매) 모션 유선 센서바 모션 무선 센서바 리모컨1ea, (한개는 있으나 고장, 함께드림) 정품 리모컨 보호 실리콘케이스 2ea,  눈차크2ea,  wii스포츠 옵션장비 (골프, 테니스,야구) 글러브 한쌍,  wii fit 보드  wii fit 밸러스 센서조절 부품4ea 스위치 component(tv연결 커넥터, 별도 구매) 정품 팩 가방 정품 팩 4종+ 포함입니다. -No more heros  -Tigerwoods PGA tour -Wii fit -Wii sport -처음 만나는 wii 글러브는 가죽 특성으로 자연 노후화 되는 부분이 있습니다(마지막 사진 참고) 리모컨 하나는 보관도중 오래된 건전지로 인해 파손되었습니다.  당근에 올리기전에 연결해서 모두 이상 유무 확인했습니다.  미리 언급해드린 부분외에는 다른 이상 일절없으니 반품 환불은 불가합니다. (동영상 촬영해둠, 불량이거나 안되는거 없음)",13
테일러메이드 p770 4번아이언(드라이빙아이언),"165,000원",대전 대덕구 중리동,끌올 1시간 전,판매중,https://www.daangn.com/kr/buy-sell/%ED%85%8C%EC%9D%BC%EB%9F%AC%EB%A9%94%EC%9D%B4%EB%93%9C-p770-4%EB%B2%88%EC%95%84%EC%9D%B4%EC%96%B8-%EB%93%9C%EB%9D%BC%EC%9D%B4%EB%B9%99%EC%95%84%EC%9D%B4%EC%96%B8-nudi9jebmth3/,당근최고,"테일러메이드 코리아 정품  P770 4번 아이언 단품입니다 중공구조라  비거리 좋고  드라이빙 아이언 생각하심 됩니다 샤프트는 Dynamic Gold EX Tour Issue S200 이고, 그립은 Golf Pride 제품입니다 P770 아이언은 관용성이 뛰어나고 타구감이 좋다는 평이 많습니다 시타가능 01071849292 전화주시고  쿨거래시  쿨네고  해드립니다",10
미즈노 아이언 & 골프 세트 (타이틀 드라이버포함),"399,000원",대전 대덕구 중리동,끌올 1시간 전,판매중,https://www.daangn.com/kr/buy-sell/%EB%AF%B8%EC%A6%88%EB%85%B8-%EC%95%84%EC%9D%B4%EC%96%B8-%EA%B3%A8%ED%94%84-%EC%84%B8%ED%8A%B8-%ED%83%80%EC%9D%B4%ED%8B%80-%EB%93%9C%EB%9D%BC%EC%9D%B4%EB%B2%84%ED%8F%AC%ED%95%A8-te1xth6sx2qb/,당근최고,미즈노 아이언과 닉 프라이스 골프백 풀세트입니다 - 아이언은 COMP EZ T-ZOID 모델입니다 - 드라이버는 Titleist 915 D3 모델입니다 골프채 풀세트로 구성되어 있어 필드 라운딩에 바로 사용 가능합니다 드라이버 ㆍ우드 ㆍ유틸  ㆍ아이언세트ㆍ웨지세트 ㆍ퍼터  ㆍ캐디백 까지 모두 포함입니다    01071849292  구입문의 전화주세요,12
미니바이올렛 아이리쉬엔젤,"6,000원",대전 서구 둔산동,끌올 1시간 전,판매중,https://www.daangn.com/kr/buy-sell/%EB%AF%B8%EB%8B%88%EB%B0%94%EC%9D%B4%EC%98%AC%EB%A0%9B-%EC%95%84%EC%9D%B4%EB%A6%AC%EC%89%AC%EC%97%94%EC%A0%A4-wyfo31hb41to/,딩가,꽃대가 많이 올라오는 중이에요. 화분 : 지름 8cm,10
남성골프세트,"299,000원",충북 청주시 흥덕구 가경동,끌올 1시간 전,판매중,https://www.daangn.com/kr/buy-sell/%EB%82%A8%EC%84%B1%EA%B3%A8%ED%94%84%EC%84%B8%ED%8A%B8-d7z8b95v2jn1/,당근YG,핑드라이버   테일러메이드우드  3번 5번  7번(4번유틸 대체) 아담스 아이언5 6  7  8  9  p  s 전체  그라파이트  (카본)샤프트  R플렉스 us스펙  입니다   아시아스펙 sr플렉스  보심됩니다   시타도  가능합니다  퍼터  ㆍ캐대백  전화주시고  쿨거래시  쿨네고  가능 01071849292,7
베고니아 스노우플렉스,"5,000원",대전 서구 둔산동,끌올 1시간 전,판매중,https://www.daangn.com/kr/buy-sell/%EB%B2%A0%EA%B3%A0%EB%8B%88%EC%95%84-%EC%8A%A4%EB%85%B8%EC%9A%B0%ED%94%8C%EB%A0%89%EC%8A%A4-aijvca33ry4t/,캐모마일,멋진 베고니아 입니다  자리부족으로 저렴히 올려요  사이즈는 종이컵과 비교해주세요  비대면거래 합니다,8
베고니아 월궁전,"6,000원",대전 서구 둔산동,끌올 1시간 전,판매중,https://www.daangn.com/kr/buy-sell/%EB%B2%A0%EA%B3%A0%EB%8B%88%EC%95%84-%EC%9B%94%EA%B6%81%EC%A0%84-8498ujy66adi/,캐모마일,베고니아 월궁전입니다.  꽃이 피면 큼직하고 예쁩니다. 마지막 사진은 모체에서 예쁘게 피었을때 모습입니다. 비대면 거래 합니다.,9
베고니아 아르젠티오굿타타,"5,000원",대전 서구 둔산동,끌올 1시간 전,판매중,https://www.daangn.com/kr/buy-sell/%EB%B2%A0%EA%B3%A0%EB%8B%88%EC%95%84-%EC%95%84%EB%A5%B4%EC%A0%A0%ED%8B%B0%EC%98%A4%EA%B5%BF%ED%83%80%ED%83%80-zykxeg6pab8d/,캐모마일,예쁘고 순하게 자라는 베고니아 입니다. 두개 있는데 각 5천원 입니다. 사이즈는 종이컵과 비교해주세요. 비대면 거래 합니다.,9
미바 미드나잇썬,"6,000원",대전 서구 둔산동,끌올 1시간 전,판매중,https://www.daangn.com/kr/buy-sell/%EB%AF%B8%EB%B0%94-%EB%AF%B8%EB%93%9C%EB%82%98%EC%9E%87%EC%8D%AC-117rzxnqct1v/,캐모마일,우아한 짙은 버건디빛 겹꽃이 핍니다. 이제 꽃 피우기 시작이니 한참동안 꽃을 보실거에요. 7cm 연질화분에서 자라고 있습니다. 비대면거래 합니다.,6
야마하cs 골프채 풀세트,"999,000원",충북 청주시 흥덕구 가경동,끌올 1시간 전,판매중,https://www.daangn.com/kr/buy-sell/%EC%95%BC%EB%A7%88%ED%95%98cs-%EA%B3%A8%ED%94%84%EC%B1%84-%ED%92%80%EC%84%B8%ED%8A%B8-gzpk5j436wdf/,당근YG,"야마하 Inpres 골프채 풀세트 판매합니다 일본제조   ㆍ 정품 국내as가능   작스 우드 4번7번은  미사용 신품입니다 - 구성: 드라이버, 우드4번,7번(4번유틸리티 대용), 아이언56789pas  - 퍼터는 Odyssey Crimson Series 550 모델입니다 - 골프백은 Master Bunny Edition 입니다   (파리게이츠 한정판 힐캐디백)  골프백 신품구입시  약 100만원 이었습니다 위  구성 세트면  추가 필요한 클럽없습니다 초보부터  싱글까지  쭉 사용가능합니다 01071849292   챗확인 늦습니다  전화주심 빠른거래및 네고 가능합니다 전체적으로 상태는 양호합니다",14
베고니아 고스트라이더,"12,000원",대전 서구 둔산동,끌올 1시간 전,판매중,https://www.daangn.com/kr/buy-sell/%EB%B2%A0%EA%B3%A0%EB%8B%88%EC%95%84-%EA%B3%A0%EC%8A%A4%ED%8A%B8%EB%9D%BC%EC%9D%B4%EB%8D%94-6zaptazfs58a/,캐모마일,잎이 멋진 베고니아 입니다. 반그늘에서 예쁘게 자랍니다. 조금 큰 다육화분에서 자라고 있는데 이대로 드릴게요. 비대면거래 합니다.,8
명절선물세트,"15,000원",대전 서구 둔산동,끌올 1시간 전,판매중,https://www.daangn.com/kr/buy-sell/%EB%AA%85%EC%A0%88%EC%84%A0%EB%AC%BC%EC%84%B8%ED%8A%B8-1fjrkxnir49r/,캐모마일,명절 선물 세트 새 상품입니다.  쇼핑백째 드립니다. 비대면거래 합니다.,6
핑g430 아이언세트 11자루+g430 3번유틸,"485,000원",충북 청주시 흥덕구 가경동,끌올 1시간 전,판매중,https://www.daangn.com/kr/buy-sell/%ED%95%91g430-%EC%95%84%EC%9D%B4%EC%96%B8%EC%84%B8%ED%8A%B8-11%EC%9E%90%EB%A3%A8-g430-3%EB%B2%88%EC%9C%A0%ED%8B%B8-3z8btnkw4jtz/,당근YG,아이언 11자루 4~p  45  50 54  58    3번유틸    모두 s플렉스 입니다  쿠팡 해외 직구  ㅡ   90만원  구입 정품 문의  사절     동일  국내 삼양 정품  사용중인데   스크린 세컨용으로  싼맛에  구입해서 잘 사용했습니다  삼양 정품 과  비교시타 가능합니다   차이는  잘 모르겠습니다    01071849292  전화주시고  쿨거래시  쿨네고 해드립니다     스크린 사용으로 상태는 매우 좋습니다,14
미니바이올렛 아가일삭스,"7,000원",대전 서구 둔산동,1시간 전,판매중,https://www.daangn.com/kr/buy-sell/%EB%AF%B8%EB%8B%88%EB%B0%94%EC%9D%B4%EC%98%AC%EB%A0%9B-%EC%95%84%EA%B0%80%EC%9D%BC%EC%82%AD%EC%8A%A4-otrjvb425u4v/,딩가,무늬종 미니바이올렛 아가일삭스입니다. 현재 꽃대가 5개 정도 올라오고 있어요. 화분 : 지름 8cm,10
어항 케이스 RTX2060 장착 본체,"595,000원",대전 서구 둔산동,끌올 1시간 전,판매중,https://www.daangn.com/kr/buy-sell/%EC%96%B4%ED%95%AD-%EC%BC%80%EC%9D%B4%EC%8A%A4-rtx2060-%EC%9E%A5%EC%B0%A9-%EB%B3%B8%EC%B2%B4-sxu7vnp5gnc9/,스더,컴퓨터 잘 아시는 분이면 더 만족하실 사양입니다. RTX2060 들어간 가성비 본체예요. 사양 i5-9400F / RAM 16GB SSD 256GB / RTX 2060 파워 600W  본체 59만5천원  가성비 좋게 가져가세요!  문의주세요,5
가성비 사무용 PC / 윈도우11 + 오피스 풀세팅,"320,000원",대전 서구 둔산동,끌올 1시간 전,판매중,https://www.daangn.com/kr/buy-sell/%EA%B0%80%EC%84%B1%EB%B9%84-%EC%82%AC%EB%AC%B4%EC%9A%A9-pc-%EC%9C%88%EB%8F%84%EC%9A%B011-%EC%98%A4%ED%94%BC%EC%8A%A4-%ED%92%80%EC%84%B8%ED%8C%85-p34trz73n9k4/,스더,"여러 대 구매 후 사용하지 않고 보관만 해둔 PC입니다. 사무용, 재택근무, 학업용으로 충분한 사양이고 어항 케이스라 책상 위에 두면 보기에도 좋습니다. 윈도우11 정품 및 오피스(엑셀/워드/PPT/한글) 설치 완료. 코드만 꽂고 바로 사용하세요. 사양 i5 6세대 SSD 256GB 삼성 8GB RAM 인텔 내장그래픽 500W 파워 32만원에 판매합니다.",5
롤 배그 로아 잘 돌아가는 고사양 PC,"800,000원",대전 서구 둔산동,끌올 1시간 전,판매중,https://www.daangn.com/kr/buy-sell/%EB%A1%A4-%EB%B0%B0%EA%B7%B8-%EB%A1%9C%EC%95%84-%EC%9E%98-%EB%8F%8C%EC%95%84%EA%B0%80%EB%8A%94-%EA%B3%A0%EC%82%AC%EC%96%91-pc-147axcbr7zum/,스더,"롤 풀옵 / 발로 풀옵 / 배그 상옵 / 로아 상옵 등 원활하게 돌아가는 사양입니다.  고사양이라 작업용으로도 쾌적하게 가능해요  윈도우랑 오피스 다 정품인증되어 있으니 코드 꼽으시고 바로 사용하시면 됩니다  -CPU i5 10400F -SSD 256기가 -그래픽카드 RTX3070 -램 16기가 -파워 700W 편하게 문의주세요 ^^",5
벤츠 GLE 쿠페 라디에이터 순정 그릴,"90,000원",대전 서구 둔산동,끌올 2시간 전,판매중,https://www.daangn.com/kr/buy-sell/%EB%B2%A4%EC%B8%A0-gle-%EC%BF%A0%ED%8E%98-%EB%9D%BC%EB%94%94%EC%97%90%EC%9D%B4%ED%84%B0-%EC%88%9C%EC%A0%95-%EA%B7%B8%EB%A6%B4-vhsqyiq41oow/,페어웨이,벤츠 GLE 쿠페 라디에이터 그릴 벤츠 그릴 순정품 품번 A292 888 00 60 상태 양호합니다.,11
스팸 선물세트 8k호,"22,000원",대전 서구 둔산동,2시간 전,판매중,https://www.daangn.com/kr/buy-sell/%EC%8A%A4%ED%8C%B8-%EC%84%A0%EB%AC%BC%EC%84%B8%ED%8A%B8-8k%ED%98%B8-e97ztve1wm61/,박여름,"스팸 선물세트 8k호입니다 라이트3개, 클래식6개 28년 2월 1일까지 소비기한입니다",6
에이블리 레더 크롭 패딩 블랙,"10,000원",대전 서구 둔산동,2시간 전,판매중,https://www.daangn.com/kr/buy-sell/%EC%97%90%EC%9D%B4%EB%B8%94%EB%A6%AC-%EB%A0%88%EB%8D%94-%ED%81%AC%EB%A1%AD-%ED%8C%A8%EB%94%A9-%EB%B8%94%EB%9E%99-so6tvxxpz55j/,hri,에이블리 블랙 레더 크롭 숏패딩 상태 좋아요 후기좋고 이뻐요 !!,5
크림스킨 리필 + 미니 + 미스트펌프,"15,000원",대전 서구 둔산동,끌올 2시간 전,판매중,https://www.daangn.com/kr/buy-sell/%ED%81%AC%EB%A6%BC%EC%8A%A4%ED%82%A8-%EB%A6%AC%ED%95%84-%EB%AF%B8%EB%8B%88-%EB%AF%B8%EC%8A%A4%ED%8A%B8%ED%8E%8C%ED%94%84-yoowtsn37fx5/,0plmlp0,170 ml 리필 28년 7월 50 ml 미니 28년 9월 미스트펌프 둔산동 직거래,5
에어보스 바구니형 카시트,"10,000원",대전 서구 둔산동,2시간 전,판매중,https://www.daangn.com/kr/buy-sell/%EC%97%90%EC%96%B4%EB%B3%B4%EC%8A%A4-%EB%B0%94%EA%B5%AC%EB%8B%88%ED%98%95-%EC%B9%B4%EC%8B%9C%ED%8A%B8-jft29nx55i5w/,haley,에어보스 바구니형 카시트 판매합니다 신생아부터 사용 가능한 제품입니다 23년에 구매해서 사용했습니다. 신생아가 쓰던거라 과자흘린것 없이 깨끗합니다. 어깨끈에 보호커버 하나 없습니다.,5
네츄럴더마 엔디피 비타민 B9 톤업미백크림,"23,000원",대전 서구 둔산동,끌올 2시간 전,판매중,https://www.daangn.com/kr/buy-sell/%EB%84%A4%EC%B8%84%EB%9F%B4%EB%8D%94%EB%A7%88-%EC%97%94%EB%94%94%ED%94%BC-%EB%B9%84%ED%83%80%EB%AF%BC-b9-%ED%86%A4%EC%97%85%EB%AF%B8%EB%B0%B1%ED%81%AC%EB%A6%BC-fg6vibnc9ggf/,0plmlp0,"65 ml 한번사용 28년 3월 NDP홈페이지, 올리브영홈페이지,네이버쇼핑,블로그에서 가격비교,제품설명,사용후기들 참고하세요~ 둔산동 직거래",5
아비브 부활초 파하토너 스킨부스터,"14,000원",대전 서구 둔산동,끌올 2시간 전,판매중,https://www.daangn.com/kr/buy-sell/%EC%95%84%EB%B9%84%EB%B8%8C-%EB%B6%80%ED%99%9C%EC%B4%88-%ED%8C%8C%ED%95%98%ED%86%A0%EB%84%88-%EC%8A%A4%ED%82%A8%EB%B6%80%EC%8A%A4%ED%84%B0-sucfoe9wms6x/,0plmlp0,"1센치사용 200 ml 27년 6월 올리브영홈페이지,네이버쇼핑,블로그에서 제품설명, 가격비교,사용후기들 참고하세요~ 둔산동 직거래",5
엘라스틴 실크리페어 샤이닝 윤기영양 샴푸,"5,000원",대전 서구 둔산동,끌올 2시간 전,판매중,https://www.daangn.com/kr/buy-sell/%EC%97%98%EB%9D%BC%EC%8A%A4%ED%8B%B4-%EC%8B%A4%ED%81%AC%EB%A6%AC%ED%8E%98%EC%96%B4-%EC%83%A4%EC%9D%B4%EB%8B%9D-%EC%9C%A4%EA%B8%B0%EC%98%81%EC%96%91-%EC%83%B4%ED%91%B8-9mjahytibnas/,0plmlp0,1회사용 용량 550ml 실크리페어 샤이닝 윤기 영양 체리블라썸향 27년 6월 둔산동 직거래,6
엘라스틴 실크리페어 샤이닝 윤기 영양 트리트먼트,"7,000원",대전 서구 둔산동,끌올 2시간 전,판매중,https://www.daangn.com/kr/buy-sell/%EC%97%98%EB%9D%BC%EC%8A%A4%ED%8B%B4-%EC%8B%A4%ED%81%AC%EB%A6%AC%ED%8E%98%EC%96%B4-%EC%83%A4%EC%9D%B4%EB%8B%9D-%EC%9C%A4%EA%B8%B0-%EC%98%81%EC%96%91-%ED%8A%B8%EB%A6%AC%ED%8A%B8%EB%A8%BC%ED%8A%B8-6y7wgctstonz/,0plmlp0,미개봉  300 ml 실크리페어 윤기 영양 베이비파우더향 28년 10월 16일 둔산동 직거래,6
파란색 접이식 마사지 체어,"100,000원",대전 서구 둔산동,끌올 2시간 전,판매중,https://www.daangn.com/kr/buy-sell/%ED%8C%8C%EB%9E%80%EC%83%89-%EC%A0%91%EC%9D%B4%EC%8B%9D-%EB%A7%88%EC%82%AC%EC%A7%80-%EC%B2%B4%EC%96%B4-2jwpmcpakknb/,당근당근,파란색 접이식 마사지 체어입니다 상태는 사진과 같습니다,7
쁘띠라뺑 프리미엄 미뇽 아기침대 범퍼 매트리스 풀세트,"70,000원",대전 서구 둔산동,끌올 2시간 전,판매중,https://www.daangn.com/kr/buy-sell/%EC%81%98%EB%9D%A0%EB%9D%BC%EB%BA%91-%ED%94%84%EB%A6%AC%EB%AF%B8%EC%97%84-%EB%AF%B8%EB%87%BD-%EC%95%84%EA%B8%B0%EC%B9%A8%EB%8C%80-%EB%B2%94%ED%8D%BC-%EB%A7%A4%ED%8A%B8%EB%A6%AC%EC%8A%A4-%ED%92%80%EC%84%B8%ED%8A%B8-g5ppxtjmtjgz/,이사갑니다,"쁘띠라뺑 프리미엄 미뇽 아기 침대 + 범퍼 + 매트리스 (풀세트) 침대 : 740,000원  민트 범퍼 + 매트리스 커버  : 160,000원  매트리스 : 100,000원  총 100만원에 구입한 풀세트 5년 사용 후 10만원에 팝니다 사이즈가 커서 오래 쓸 수 있고 튼튼해요  그런데 매트리스커버 한쪽면을 빼고 아예 내려서 사용하다보니 4개중 한 면만 분실했네요(인형 없는 긴 부분)  참고 부탁드립니다",11
휴지 24롤 판매합니다,"7,000원",대전 서구 둔산동,2시간 전,판매중,https://www.daangn.com/kr/buy-sell/%ED%9C%B4%EC%A7%80-24%EB%A1%A4-%ED%8C%90%EB%A7%A4%ED%95%A9%EB%8B%88%EB%8B%A4-mbe1widu7gnw/,토끼,이사로 물건 정리합니다 휴지 24롤 대봉투에 담아서 드립니다! 원하시면 150매 물티슈 2묶음 같이드려요😃,7
갤럭시 Z 폴드7 클리어 케이스 새상품,"15,000원",대전 서구 둔산동,2시간 전,판매중,https://www.daangn.com/kr/buy-sell/%EA%B0%A4%EB%9F%AD%EC%8B%9C-z-%ED%8F%B4%EB%93%9C7-%ED%81%B4%EB%A6%AC%EC%96%B4-%EC%BC%80%EC%9D%B4%EC%8A%A4-%EC%83%88%EC%83%81%ED%92%88-te6csyjxm5vy/,겔포스,(일괄)갤럭시 Z 폴드7 클리어 케이스 새상품입니다 패키지 내용물: - 클리어 케이스 1개 - Anti-reflecting Film 2개 - Micro Fiber Cleaner 1개 - 먼지 제거 스티커 1개 - 설치 가이드 2개,8
브이밥250 / 2024년식 / 28@@,"3,400,000원",대전 대덕구 신탄진동,끌올 2시간 전,판매중,https://www.daangn.com/kr/buy-sell/%EB%B8%8C%EC%9D%B4%EB%B0%A5250-2024%EB%85%84%EC%8B%9D-28-vg1brfmf843m/,아슈라발발타,"3. 제작연식 : 2024 4. 적산거리 : 28@@ 5. 사고나 슬립 꿍 여부 : 우꿍 6. 판매 희망가격 : 3,400,000만원 7. 흥정가능? (불가능?) 표시 (자유) : X 추가금 주고 받고 대차 가능? (자유) : X ★ 이 오토바이 무이자 신용카드로 구입 가능합니다. ★ 바튜매페이 이용료 3.6% (vat별도) 무이자 상담! ★ 페이 문의 : 1544-5076 (구매자가 수수료 부담!) 8. 판매물건 볼수있는 지역 : 대전 9. 연락방법 : 010-2954-4235 ★ 가입후 활동없이 첫글이 판매글인 경우 전번필수! ★ 선불폰인지 꼭 확인, 공지사항에 사기패턴글 참조 ★ 화물거래 사기주의 바튜매용달: 010-7646-0300 10. 이제 물건 설명해주시고 사진 올려주세요~ 튜닝내역 : 대구공돌(+여분 하나 더 있습니다 서비스로 드려요) , USB고속충전가능, 확장스텝, 깜빡이 버튼교체, G프로 2채널 블박, 브이밥250 등받이 (조절가능 , 제거가능), 사이드 가방2 가운데 가방1 (싸구려 제품 아닙니다.) , 시소기어, 양쪽 레버교체 - 브이밥250은 300cc가 아니라 보험료도 굉장히 저렴하고 기기 등록시 환경검사도 따로 받지않고 등록,세금도 굉장히 저렴합니다. 연비도 굉장히 좋아 만족하면서 타고 다녔습니다. 시소기어랑 양쪽 레버 교체할 때 센터가서 했습니다. 멍청이처럼 우꿍 흔적있습니다. 연료통이 찌그러졌지만 센터에서 검사할 때 전혀 이상 없습니다. 타이어도 80%이상 남았습니다. (1주일 전 뒷 타이어 나사를 밟아 센터가서 빵꾸 메꿨습니다) 단지 연료통에 대한 찌그러짐이 있어 가격을 많이 낮춰 판매합니다. 흥정은 죄송합니다. 화물거래는 노리턴으로 진행됩니다. 아파트 지하주차장에 거의 보관했습니다. 잘 가고 살 스는 오토바이 바로 운전 가능합니다. 많은 관심 부탁드립니다.",12
나이키 베이퍼맥스 Off-White,"66,000원",대전 서구 둔산동,끌올 2시간 전,판매중,https://www.daangn.com/kr/buy-sell/%EB%82%98%EC%9D%B4%ED%82%A4-%EB%B2%A0%EC%9D%B4%ED%8D%BC%EB%A7%A5%EC%8A%A4-off-white-im2rw4mghxng/,히히,"나이키 베이퍼맥스 Off-White 제품입니다 전체적으로 사용감은 있지만, 독특한 디자인이 매력적입니다 ""AIR"" 문구와 ""SHOELACES"" 디테일이 돋보입니다 사이즈 240 경기가어려워서 팝니다 쿨거시 에누리해드림",7
석유 난로,"30,000원",대전 서구 둔산동,끌올 2시간 전,판매중,https://www.daangn.com/kr/buy-sell/%EC%84%9D%EC%9C%A0-%EB%82%9C%EB%A1%9C-86we3awpp7pi/,새싹,상태좋아요  이상있을시 반품가능. 유성입니다 ',6
새상품 별의 커비 2단 서랍 액세서리 보관함,"16,000원",대전 서구 둔산동,끌올 2시간 전,판매중,https://www.daangn.com/kr/buy-sell/%EC%83%88%EC%83%81%ED%92%88-%EB%B3%84%EC%9D%98-%EC%BB%A4%EB%B9%84-2%EB%8B%A8-%EC%84%9C%EB%9E%8D-%EC%95%A1%EC%84%B8%EC%84%9C%EB%A6%AC-%EB%B3%B4%EA%B4%80%ED%95%A8-p1mdt7qo844u/,빵빵,귀여운 별의 커비 서랍형 수납함입니다.  화장품이나 작은 액세서리 보관하기에 딱 좋습니다.  새상품 입니다!,6
별의 커비 얼굴 인형 키링 파우치 새상품,"13,000원",대전 서구 둔산동,끌올 2시간 전,판매중,https://www.daangn.com/kr/buy-sell/%EB%B3%84%EC%9D%98-%EC%BB%A4%EB%B9%84-%EC%96%BC%EA%B5%B4-%EC%9D%B8%ED%98%95-%ED%82%A4%EB%A7%81-%ED%8C%8C%EC%9A%B0%EC%B9%98-%EC%83%88%EC%83%81%ED%92%88-jd7h5o1vdbf5/,빵빵,"별의 커비 얼굴 모양의 귀여운 인형 키링 겸 파우치입니다 새상품으로 비닐 포장 그대로 보관되어 있습니다 부드러운 촉감과 귀여운 디자인으로 가방이나 열쇠에 달기 좋습니다 지퍼가 있어 작은 소지품을 보관할 수 있고, 고리가 달려있어 활용도가 높습니다",6
새상품 별의 커비 대형 인형 46cm,"14,000원",대전 서구 둔산동,끌올 2시간 전,판매중,https://www.daangn.com/kr/buy-sell/%EC%83%88%EC%83%81%ED%92%88-%EB%B3%84%EC%9D%98-%EC%BB%A4%EB%B9%84-%EB%8C%80%ED%98%95-%EC%9D%B8%ED%98%95-46cm-xqyyzuq4gjfy/,빵빵,새상품 별의 커비 대형 인형 46cm 귀여운 분홍색 별의 커비 인형입니다.,6
닌텐도 DS/3DS 게임칩 모음,"18,000원",대전 서구 둔산동,끌올 2시간 전,판매중,https://www.daangn.com/kr/buy-sell/%EB%8B%8C%ED%85%90%EB%8F%84-ds-3ds-%EA%B2%8C%EC%9E%84%EC%B9%A9-%EB%AA%A8%EC%9D%8C-ct98zafgcnb6/,둔산동리더팤,포켓몬스터 썬 40000 요괴워치 각 30000 슈스메 20000 마리오 각 25000 커비 30000 닌텐독스 30000 마리오 35000 두뇌 트레이닝 20000,5
씽크빅 영어 그림책 모음,"10,000원",대전 서구 둔산동,2시간 전,판매중,https://www.daangn.com/kr/buy-sell/%EC%94%BD%ED%81%AC%EB%B9%85-%EC%98%81%EC%96%B4-%EA%B7%B8%EB%A6%BC%EC%B1%85-%EB%AA%A8%EC%9D%8C-n9nxnd1naqpp/,오앵,씽크빅 영어책읽기 교재구요 내용은 초등학교 저학년 수준이에요 글씨 크고 단어 쉬워요! 저 어릴때 엄마가 사줬는데 읽은 티가 안나요 안읽었었나봐요^_^ 책 양이 많고 상태 좋습니다 먼지만 있어요  전부다 가져가주세요,7
꿈돌이 명품김(설선물용으로 좋아요),"14,000원",대전 서구 둔산동,2시간 전,판매중,https://www.daangn.com/kr/buy-sell/%EA%BF%88%EB%8F%8C%EC%9D%B4-%EB%AA%85%ED%92%88%EA%B9%80-%EC%84%A4%EC%84%A0%EB%AC%BC%EC%9A%A9%EC%9C%BC%EB%A1%9C-%EC%A2%8B%EC%95%84%EC%9A%94-2gfj9h7i1xjj/,캐롯,꿈돌이 명품김입니다 설선물용으로 좋아요,5
240 운동화,"5,000원",대전 서구 둔산동,2시간 전,판매중,https://www.daangn.com/kr/buy-sell/240-%EC%9A%B4%EB%8F%99%ED%99%94-xk2txbhj4wpm/,당근당근,240 통굽운동화 나팔 정장바지에 신었던것인데 사용감이 있지만 모양은 예쁩니다.  출퇴근용으로 신었으며 깔창을 사용하면 좋을듯합니다,6
노바리빙 규조토 사각 우산꽂이 블랙,"13,000원",대전 서구 둔산동,2시간 전,판매중,https://www.daangn.com/kr/buy-sell/%EB%85%B8%EB%B0%94%EB%A6%AC%EB%B9%99-%EA%B7%9C%EC%A1%B0%ED%86%A0-%EC%82%AC%EA%B0%81-%EC%9A%B0%EC%82%B0%EA%BD%82%EC%9D%B4-%EB%B8%94%EB%9E%99-uwzop81y7rog/,블루lemon,블랙 철제 우산꽂이입니다 사각 디자인으로 안정감 있어요 사용감없어 깨끗해요. 18x18x52.5,8
주식 투자 서적 2권 세트,"6,000원",대전 서구 둔산동,2시간 전,판매중,https://www.daangn.com/kr/buy-sell/%EC%A3%BC%EC%8B%9D-%ED%88%AC%EC%9E%90-%EC%84%9C%EC%A0%81-2%EA%B6%8C-%EC%84%B8%ED%8A%B8-yb5nrkj47dmk/,달팽이전문가10년차,주식 투자 관련 서적 2권 세트입니다 - 실패를 성공으로 바꾸는 주식 투자의 기술 - 주식 투자로 성공한 부자 아빠 무작정 따라하기 두 권 모두 주식 투자에 대한 지식과 전략을 담고 있습니다 개당6천원 환불교환xxx,5
제주맘 흑돼지 소시지 떡갈비 선물세트,"30,000원",대전 서구 둔산동,2시간 전,판매중,https://www.daangn.com/kr/buy-sell/%EC%A0%9C%EC%A3%BC%EB%A7%98-%ED%9D%91%EB%8F%BC%EC%A7%80-%EC%86%8C%EC%8B%9C%EC%A7%80-%EB%96%A1%EA%B0%88%EB%B9%84-%EC%84%A0%EB%AC%BC%EC%84%B8%ED%8A%B8-46edphso8kh8/,초코사랑해,제주맘 제주 흑돼지 소시지 수제햄 떡갈비 선물세트입니다 선물용으로 좋습니다 오늘받은 새상품입니다. 집에 햄먹는사람이없는데 선물받아서 보냅니다,7
정관장 황진단 3환,"62,000원",대전 서구 둔산동,2시간 전,판매중,https://www.daangn.com/kr/buy-sell/%EC%A0%95%EA%B4%80%EC%9E%A5-%ED%99%A9%EC%A7%84%EB%8B%A8-3%ED%99%98-4c1y1esb7aie/,당근당근,"정관장 황진단입니다 면역력 증진, 피로 개선, 혈소판 응집 억제, 기억력 개선, 항산화에 도움을 줄 수 있는 건강기능식품입니다 (의학적 상담 도와드리지 못 합니다) 4g x 3환 (12g) 포장 단위입니다 3환 입니다 첫번째 사진 단품만 있습니다  회사에서 단체로 선물 받아 따로 종이가방은 없어서 일반 종이봉투에 담아드립니다. 수량 오해하시고 환불 요청하셔도 예약금 환불 안 드립니다 거래전 거래 파기 방지 위해 1만원 선입금 받은 후 거래하고 있습니다  월-토 삼성동 일요일 둔산동 입니다 ^^ 네고 요청, 심심이 당근거지 다 차단",11
메종 마르지엘라 5AC 블랙 스몰 가방,"550,000원",대전 서구 둔산동,끌올 2시간 전,판매중,https://www.daangn.com/kr/buy-sell/%EB%A9%94%EC%A2%85-%EB%A7%88%EB%A5%B4%EC%A7%80%EC%97%98%EB%9D%BC-5ac-%EB%B8%94%EB%9E%99-%EC%8A%A4%EB%AA%B0-%EA%B0%80%EB%B0%A9-3vaoay2h7iw3/,헬레네,"메종 마르지엘라 5AC 스몰 가방입니다. 블랙 색상의 가죽 재질이며, 상단에 지퍼가 있습니다. - 탑 핸들 디자인 - 실버톤 하드웨어 - 열쇠 장식 포함 - 사용감 어느정도 있음",13
생로랑 YSL 블랙 클러치,"320,000원",대전 서구 둔산동,끌올 2시간 전,판매중,https://www.daangn.com/kr/buy-sell/%EC%83%9D%EB%A1%9C%EB%9E%91-ysl-%EB%B8%94%EB%9E%99-%ED%81%B4%EB%9F%AC%EC%B9%98-5n1xnedb1e85/,헬레네,생로랑 블랙 클러치입니다 가죽 소재로 고급스러워요 전면에 YSL 로고가 포인트입니다 더스트백 같이 드립니다 정품 확실해요! 사용감이 좀 있어 저렴하게 판매해요! 시중에 파는 체인 스트랩 달아서 숄더백이나 크로스바디 백으로도 사용해도 예쁠 것 같아요 그럼 문의 많이 주세요,7
EzCook 컨벡션 오븐,"10,000원",대전 서구 둔산동,2시간 전,판매중,https://www.daangn.com/kr/buy-sell/ezcook-%EC%BB%A8%EB%B2%A1%EC%85%98-%EC%98%A4%EB%B8%90-3t9qnnxrr3jy/,wnsla5705,EzCook 컨벡션 오븐입니다 유리 재질로 되어있습니다 컨벡션 오븐은 음식을 빠르고 균일하게 조리할 수 있는 장점이 있습니다,5
코닥 미니샷3 레트로 C300R 옐로우 + 카메라 가방 + 필름 130매,"180,000원",대전 서구 둔산동,끌올 2시간 전,판매중,https://www.daangn.com/kr/buy-sell/%EC%BD%94%EB%8B%A5-%EB%AF%B8%EB%8B%88%EC%83%B73-%EB%A0%88%ED%8A%B8%EB%A1%9C-c300r-%EC%98%90%EB%A1%9C%EC%9A%B0-%EC%B9%B4%EB%A9%94%EB%9D%BC-%EA%B0%80%EB%B0%A9-%ED%95%84%EB%A6%84-130%EB%A7%A4-jc16yez8a532/,멍멍,코닥 미니샷3 레트로 C300R 옐로우 색상입니다. 즉석카메라도 되고 폰과 연결하여 사진 인화도 됩니다. 전용 카메라 가방과 카트리지 130매(30매*4박스+10매) 함께 팔아요.,5
샤넬 자개 로고 펄핑크 동그리 백,"2,300,000원",대전 서구 둔산동,끌올 2시간 전,판매중,https://www.daangn.com/kr/buy-sell/%EC%83%A4%EB%84%AC-%EC%9E%90%EA%B0%9C-%EB%A1%9C%EA%B3%A0-%ED%8E%84%ED%95%91%ED%81%AC-%EB%8F%99%EA%B7%B8%EB%A6%AC-%EB%B0%B1-u2x2rrbvf8bg/,헬레네,샤넬 정품 자개 로고 펄핑크 색상의 동그리입니다 당연히 정품이구요!  필웨이에서 플미 주고 구입했고 대전 구구스와 고이비토 매장에서 정품 확인 받은 제품입니다 펄 핑크 색상으로 색상이 오묘하고 너무 이뻐요 실제 색상은 완전 펄핑크이고 사진보다 좀 옅은 색상이에요 이 제품 나올 당시 굉장히 인기가 많았던 제품이라서 지금 중고로도 찾아보기 힘들어요 아끼고 아껴 드느라 두어번 밖에 들지 않아서 상태는 전시급보다 좋은 거의 새제품입니다 동그리가 이거말고도 2개 더 있어서 내놓긴 하는데 너무 이뻐서 판매가 많이 고민이 되네요,7
타보 미니스트라이크 베이지(25년 9월구매),"170,000원",대전 서구 둔산동,끌올 2시간 전,판매중,https://www.daangn.com/kr/buy-sell/%ED%83%80%EB%B3%B4-%EB%AF%B8%EB%8B%88%EC%8A%A4%ED%8A%B8%EB%9D%BC%EC%9D%B4%ED%81%AC-%EB%B2%A0%EC%9D%B4%EC%A7%80-25%EB%85%84-9%EC%9B%94%EA%B5%AC%EB%A7%A4-tbigqdnrv16h/,다비치,나중에 세발자전거로 사용가능한 트라이크에요 집주변에서만 몇번 두달정도 끌어서 상태는 A급으로 깔끔하고 좋아요 생각보다 사용을 안하게되어 판매합니다 방풍커버도 같이 구매했어서 드릴게요!,7
주식 투자 관련 책 모음,"5,000원",대전 서구 둔산동,2시간 전,판매중,https://www.daangn.com/kr/buy-sell/%EC%A3%BC%EC%8B%9D-%ED%88%AC%EC%9E%90-%EA%B4%80%EB%A0%A8-%EC%B1%85-%EB%AA%A8%EC%9D%8C-irc453u2mku4/,달팽이전문가10년차,다양한 주식 투자 관련 책들을 모아봤습니다 - 주식 투자 무작정 따라하기 - 초단타매매 고수 따라하기 - 직장인의 은퇴없는 실전 주식투자 - 주식 네이놈 - 5억 만들기 스타킹 주식 투자 등 다양한 책들이 있습니다 책들이많아서 게시글보시고 원하시는책들문의해주세요  많이 구매하실수록 좋아서 개당오천원이지만 10권이상구매하시면 4만5천원에드릴게요  구매하시면 환불xx 책상태는다좋은데 오래된거있을수있어서 책상태문의주시면 상태찍어서 보내드릴게요 부록없는책들도많아서 문의즈세요,6
스크럽클리닝 수세미 미사용3개입,"3,000원",대전 서구 둔산동,2시간 전,판매중,https://www.daangn.com/kr/buy-sell/%EC%8A%A4%ED%81%AC%EB%9F%BD%ED%81%B4%EB%A6%AC%EB%8B%9D-%EC%88%98%EC%84%B8%EB%AF%B8-%EB%AF%B8%EC%82%AC%EC%9A%A93%EA%B0%9C%EC%9E%85-8zjqdduh8psi/,토끼,이사로 물건 판매합니다 미사용 수세미입니다~,5
반스 올드스쿨 아기신발 115mm (125mm),"6,000원",대전 서구 둔산동,끌올 2시간 전,판매중,https://www.daangn.com/kr/buy-sell/%EB%B0%98%EC%8A%A4-%EC%98%AC%EB%93%9C%EC%8A%A4%EC%BF%A8-%EC%95%84%EA%B8%B0%EC%8B%A0%EB%B0%9C-115mm-125mm-e1rkagszp16u/,다비치,반스 올드스쿨 아기 벨크로 운동화입니다 저희아기는 발이 바로 커버려서 딱 1번 신고 나갔다가 다른신발이 많아 못신겼네요 신발박스 위에 비누방울 기계를 얹어 보관했더니 박스에 약간 오염있어요 필요없으시면 처분하고 드릴게요 - 사이즈는 115mm이나 반스는 10mm 크게 나와서 125mm정도의 아기들이 신으면 될 듯해요 밑창에 1번 외출 사용감 외에는 상태 좋습니다,9
컬러풀 RTX 3060 BATTLEAX 8GB,"100,000원",대전 서구 둔산동,2시간 전,판매중,https://www.daangn.com/kr/buy-sell/%EC%BB%AC%EB%9F%AC%ED%92%80-rtx-3060-battleax-8gb-1d4ct7saku1w/,건실한청년,"컬러풀 RTX 3060 BATTLEAX 8GB 그래픽 카드입니다 모니터 깨지는 고장 있습니다  As 기간 X  수리해서 사용하시거나  부품용으로 구매하세요 중고 거래 특성상 교환 , 환불 X",5
아기 겨울옷 100사이즈 두벌,"2,000원",대전 서구 둔산동,2시간 전,판매중,https://www.daangn.com/kr/buy-sell/%EC%95%84%EA%B8%B0-%EA%B2%A8%EC%9A%B8%EC%98%B7-100%EC%82%AC%EC%9D%B4%EC%A6%88-%EB%91%90%EB%B2%8C-nfka722ita1d/,다비치,100사이즈 겨울옷 두벌 판매해용,5
얀 반 하위쉼 꽃 그림 앤틱 액자,"70,000원",대전 서구 둔산동,2시간 전,판매중,https://www.daangn.com/kr/buy-sell/%EC%96%80-%EB%B0%98-%ED%95%98%EC%9C%84%EC%89%BC-%EA%BD%83-%EA%B7%B8%EB%A6%BC-%EC%95%A4%ED%8B%B1-%EC%95%A1%EC%9E%90-2k3epd3gy3xv/,가을바람,얀 반 하위쉼의 꽃 그림 액자입니다 앤틱 스타일의 액자 프레임이 특징입니다 J. Paul Getty Museum 소장품입니다 66-83센치,9
셀마 알토 색소폰 마우스피스 S80 E,"70,000원",대전 서구 둔산동,2시간 전,판매중,https://www.daangn.com/kr/buy-sell/%EC%85%80%EB%A7%88-%EC%95%8C%ED%86%A0-%EC%83%89%EC%86%8C%ED%8F%B0-%EB%A7%88%EC%9A%B0%EC%8A%A4%ED%94%BC%EC%8A%A4-s80-e-a1e59o35mkux/,장강,"셀마 알토 색소폰 마우스피스 S80 E입니다 마우스피스, 캡, 조임쇠, 박스 포함입니다",5
검정 운동화 240ㅡ245,"5,000원",대전 서구 둔산동,2시간 전,판매중,https://www.daangn.com/kr/buy-sell/%EA%B2%80%EC%A0%95-%EC%9A%B4%EB%8F%99%ED%99%94-240-245-krydry4ekq68/,당근당근,검정색 통굽운동화입니다  전체적으로 사용감이 있으며. 습니다 정장바지에 출퇴근용으로 사용했습니다,6
설화수 남성 본윤 5종 세트,"50,000원",대전 서구 둔산동,2시간 전,판매중,https://www.daangn.com/kr/buy-sell/%EC%84%A4%ED%99%94%EC%88%98-%EB%82%A8%EC%84%B1-%EB%B3%B8%EC%9C%A4-5%EC%A2%85-%EC%84%B8%ED%8A%B8-i15rhje4h9d6/,밤톨이맘,"설화수 남성 본윤 5종 세트입니다 유통기한은 28년 11~ 12월까지입니다 새제품이지만 중고거래라 교환, 환불은 어려운 점 이해 부탁드닙니다 선입금 해주시면 문에 걸어놓겠습니다.",7
아임낫어휴먼비잉 MA-1 항공 봄버 자켓,"30,000원",대전 서구 둔산동,2시간 전,판매중,https://www.daangn.com/kr/buy-sell/%EC%95%84%EC%9E%84%EB%82%AB%EC%96%B4%ED%9C%B4%EB%A8%BC%EB%B9%84%EC%9E%89-ma-1-%ED%95%AD%EA%B3%B5-%EB%B4%84%EB%B2%84-%EC%9E%90%EC%BC%93-x22866q3mvjd/,olol,아임낫어휴먼비잉 MA-1 항공 봄버 자켓입니다 블랙 색상이고 독특한 프린팅이 포인트입니다 - 가볍고 활동성이 좋아요 - 튼튼한 내구성을 자랑합니다 약간의 사용감 있지만 전체적으로 상태 좋습니다,6
스타벅스 사이렌 로고 머그컵 2개,"18,000원",대전 서구 둔산동,2시간 전,판매중,https://www.daangn.com/kr/buy-sell/%EC%8A%A4%ED%83%80%EB%B2%85%EC%8A%A4-%EC%82%AC%EC%9D%B4%EB%A0%8C-%EB%A1%9C%EA%B3%A0-%EB%A8%B8%EA%B7%B8%EC%BB%B5-2%EA%B0%9C-d4hihdr3daik/,호호,스타벅스 사이렌 로고 머그컵 2개입니다 박스1개도 같이 드려요,5
베루툼 버킷햇,"40,000원",대전 서구 변동,끌올 2시간 전,판매중,https://www.daangn.com/kr/buy-sell/%EB%B2%A0%EB%A3%A8%ED%88%BC-%EB%B2%84%ED%82%B7%ED%96%87-b7ze4c3dh6s7/,XIA,베루툼 버킷햇 연예인들이 자주 쓰고 다니는 모자에요. 상태 좋아요. 네고 안되요.,8
SKT A175 키즈폰 특가 / 현금 0원,10원,대전 서구 둔산동,끌올 2시간 전,판매중,https://www.daangn.com/kr/buy-sell/skt-a175-%ED%82%A4%EC%A6%88%ED%8F%B0-%ED%8A%B9%EA%B0%80-%ED%98%84%EA%B8%88-0%EC%9B%90-bboy395h4kk7/,치치타타,"SKT 키즈폰 A175 공짜 진행합니다 	•	✔ 기기값 0원 (현금 X, 할부 X) 	•	✔ 1년 선택약정 할인 적용 	•	✔ 월 요금 14,850원 	•	✔ 키즈폰 / 학생폰 추천 	•	✔ 새 제품 / 미개봉 ⸻ 📌 조건 	•	SKT 신규 / 번호이동 가능 	•	약정 12개월 	•	요금제 변경·부가서비스 강요 없음 ⸻ 📌 이런 분께 추천 	•	자녀 첫 휴대폰 	•	위치 확인·통화 위주 사용 	•	저렴한 월요금 원하시는 분 ⸻ 📌 진행 방식 	•	상담 → 조건 확인 → 개통 	•	비대면 가능 / 빠른 개통 채팅 주세요 😊",5
포카리스웨트 유리병 인테리어 소품,"40,000원",대전 서구 변동,끌올 2시간 전,판매중,https://www.daangn.com/kr/buy-sell/%ED%8F%AC%EC%B9%B4%EB%A6%AC%EC%8A%A4%EC%9B%A8%ED%8A%B8-%EC%9C%A0%EB%A6%AC%EB%B3%91-%EC%9D%B8%ED%85%8C%EB%A6%AC%EC%96%B4-%EC%86%8C%ED%92%88-do9oduksu73o/,XIA,"일본 한정으로 나온 포카리스웨트 유리병입니다. 그냥 그대로 두어도 인테리어로 좋고, 내용물 버리고 꽃병으로 사용해도 감성있고 이뻐요. 4병 소장중이며 개당 4만원에 판매합니다. 개당 가격입니다. 개당 가격입니다.",11
송지오옴므 토이스토리 그린 볼캡,"87,000원",대전 서구 변동,끌올 2시간 전,판매중,https://www.daangn.com/kr/buy-sell/%EC%86%A1%EC%A7%80%EC%98%A4%EC%98%B4%EB%AF%80-%ED%86%A0%EC%9D%B4%EC%8A%A4%ED%86%A0%EB%A6%AC-%EA%B7%B8%EB%A6%B0-%EB%B3%BC%EC%BA%A1-iski9mru4oxo/,XIA,송지오옴므 토이스토리 그린 볼캡 구매후 하루 착용후 보관만 했습니다. 텍 없습니다. 사진에 보이듯이 상태 너무 좋습니다. 네고문의 안받을게요,10
케이팝데몬헌터즈 케데헌 루미 아크릴 키링,"10,000원",대전 서구 둔산동,끌올 2시간 전,판매중,https://www.daangn.com/kr/buy-sell/%EC%BC%80%EC%9D%B4%ED%8C%9D%EB%8D%B0%EB%AA%AC%ED%97%8C%ED%84%B0%EC%A6%88-%EC%BC%80%EB%8D%B0%ED%97%8C-%EB%A3%A8%EB%AF%B8-%EC%95%84%ED%81%AC%EB%A6%B4-%ED%82%A4%EB%A7%81-gvrmkyh5zrro/,당근농장,에버랜드 캐데헌 공식 행사에서 사온 헌트릭스 루미 아크릴 키링입니다 한번떨어트려서 밑에 아크릴이 조금 깨졌는데 티는 안납니다 대전외고 앞에 상가에서 거래해요,6
아디다스 맨투맨 새상품,"20,000원",대전 서구 둔산동,끌올 2시간 전,판매중,https://www.daangn.com/kr/buy-sell/%EC%95%84%EB%94%94%EB%8B%A4%EC%8A%A4-%EB%A7%A8%ED%88%AC%EB%A7%A8-%EC%83%88%EC%83%81%ED%92%88-tebgq72npg7k/,매일이방학이었으면,"실착 0회 새상품이고, 기모가 있어 한겨울에도 따뜻합니다. 총장 70 가슴 50",6
블랙 조거 팬츠,"7,000원",대전 서구 둔산동,끌올 2시간 전,판매중,https://www.daangn.com/kr/buy-sell/%EB%B8%94%EB%9E%99-%EC%A1%B0%EA%B1%B0-%ED%8C%AC%EC%B8%A0-14ssyrnsmiuk/,매일이방학이었으면,사이즈가 맞지 않아 판매합니다. 허리 28 허벅지 24 총장 87,6
마크곤잘레스(와릿이즌) S 가디건,"10,000원",대전 서구 둔산동,끌올 2시간 전,판매중,https://www.daangn.com/kr/buy-sell/%EB%A7%88%ED%81%AC%EA%B3%A4%EC%9E%98%EB%A0%88%EC%8A%A4-%EC%99%80%EB%A6%BF%EC%9D%B4%EC%A6%8C-s-%EA%B0%80%EB%94%94%EA%B1%B4-wfwdkuyq6gyf/,매일이방학이었으면,깔끔한 디자인이고 거의 새상품입니다. S 사이즈에 연브라운색입니다. 총장 63 가슴 56 중고거래 특성상 환불은 어렵습니다.,7
배드민턴 테크니스트 경기복 팔아요,"23,000원",대전 서구 둔산동,끌올 2시간 전,판매중,https://www.daangn.com/kr/buy-sell/%EB%B0%B0%EB%93%9C%EB%AF%BC%ED%84%B4-%ED%85%8C%ED%81%AC%EB%8B%88%EC%8A%A4%ED%8A%B8-%EA%B2%BD%EA%B8%B0%EB%B3%B5-%ED%8C%94%EC%95%84%EC%9A%94-gg7fqm8ghwwy/,당근농장,"테크니스트 반팔 티셔츠입니다. 사이즈: 여자 95 흰색 바탕에 검정, 빨강, 파랑 포인트,  뒷면은 올블랙입니다 통기성이 좋은 재질입니다 집에서 핏확인용으로 1번 입어본 새거입니다 대전외고 앞 상가에서 거래해요",6
푸마 디비에이트 나이트로3 M260mm,"90,000원",대전 서구 둔산1동,끌올 2시간 전,판매중,https://www.daangn.com/kr/buy-sell/%ED%91%B8%EB%A7%88-%EB%94%94%EB%B9%84%EC%97%90%EC%9D%B4%ED%8A%B8-%EB%82%98%EC%9D%B4%ED%8A%B8%EB%A1%9C3-m260mm-1odk8f2x77df/,천재시라노,새상품입니다,5
나가노 치이카와 농담곰 콜라보 피규어,"8,000원",대전 서구 둔산동,끌올 2시간 전,판매중,https://www.daangn.com/kr/buy-sell/%EB%82%98%EA%B0%80%EB%85%B8-%EC%B9%98%EC%9D%B4%EC%B9%B4%EC%99%80-%EB%86%8D%EB%8B%B4%EA%B3%B0-%EC%BD%9C%EB%9D%BC%EB%B3%B4-%ED%94%BC%EA%B7%9C%EC%96%B4-24q3bcmnw3ib/,당근농장,나가노 치이카와 농담곰 콜라보 피규어입니다 3-4센치의 세워놓는 피규어로 꾸미기로 딱이에요 미개봉 새상품이에요 박스는 없습니다 대전외고 앞에서 거래해요,6
서울동아마라톤 풀코스 아디다스 싱글렛 M,"20,000원",대전 서구 둔산1동,끌올 2시간 전,판매중,https://www.daangn.com/kr/buy-sell/%EC%84%9C%EC%9A%B8%EB%8F%99%EC%95%84%EB%A7%88%EB%9D%BC%ED%86%A4-%ED%92%80%EC%BD%94%EC%8A%A4-%EC%95%84%EB%94%94%EB%8B%A4%EC%8A%A4-%EC%8B%B1%EA%B8%80%EB%A0%9B-m-son65ftyoh9u/,천재시라노,"아디다스 검정색 러닝 싱글렛 M 사이즈입니다 - 흡습성이 좋은 AEROREADY 소재로 제작되어 운동 중에도 쾌적함을 유지해 줍니다 - 가볍고 통기성이 뛰어나 편안하게 착용할 수 있습니다 - 운동, 러닝 시 좋습니다",6
빈티지 앤틱 캔들 랜턴,"52,000원",대전 서구 둔산동,2시간 전,판매중,https://www.daangn.com/kr/buy-sell/%EB%B9%88%ED%8B%B0%EC%A7%80-%EC%95%A4%ED%8B%B1-%EC%BA%94%EB%93%A4-%EB%9E%9C%ED%84%B4-5oduuk6nsxyd/,가을바람,"빈티지 앤틱 스타일의 캔들 랜턴입니다 철제와 유리 소재로 제작되었으며, 촛대와 LED 캔들이 포함되어 있습니다 - 은은한 불빛으로 분위기를 연출할 수 있습니다 - 인테리어 소품으로 활용하기 좋습니다 높이44센치 가로23센치 -",8
푸바오 팬더 보들인형 키링,"20,000원",대전 서구 둔산동,끌올 2시간 전,판매중,https://www.daangn.com/kr/buy-sell/%ED%91%B8%EB%B0%94%EC%98%A4-%ED%8C%AC%EB%8D%94-%EB%B3%B4%EB%93%A4%EC%9D%B8%ED%98%95-%ED%82%A4%EB%A7%81-byvkn2iuef4g/,당근농장,"에버랜드에서 구매한 푸바오 보들보들 감촉의 키링인형입니다 한 손보다 약간 크게 들어와서 진짜 너무 귀여워요 털 색은 원래 아이보리 컬러로 나와서 뒹군 판다 느낌나요 너무 귀여운데 급전으로 내놔요 ㅜ 가격네고는 어렵습니다 대전외고 앞, 상가에서 거래해요",6
CU 농심 츄파춥스 기프티콘,나눔,대전 서구 둔산동,2시간 전,판매중,https://www.daangn.com/kr/buy-sell/cu-%EB%86%8D%EC%8B%AC-%EC%B8%84%ED%8C%8C%EC%B6%A5%EC%8A%A4-%EA%B8%B0%ED%94%84%ED%8B%B0%EC%BD%98-5fyabgqtdnui/,내계정어디감,CU에서 사용 가능한 농심 츄파춥스 12g 기프티콘입니다 유효기간은 2026년 2월 12일까지입니다,5
타미힐피거 롱패딩 네이비,"20,000원",대전 서구 둔산동,끌올 2시간 전,판매중,https://www.daangn.com/kr/buy-sell/%ED%83%80%EB%AF%B8%ED%9E%90%ED%94%BC%EA%B1%B0-%EB%A1%B1%ED%8C%A8%EB%94%A9-%EB%84%A4%EC%9D%B4%EB%B9%84-qgbvg4t48dfn/,포푸,타미힐피거 여성 롱패딩 네이비 색상입니다 따뜻하고 편하게 입을 수 있어요 상태는 사진 참고해주세요! 기장 160cm 기준 무릎 위까지 옵니다 * 브랜드: 타미힐피거 * 색상: 네이비 * 사이즈: S (사진 내 택 참조),7
게스 여성 일자 블랙진 25사이즈,"7,000원",대전 서구 둔산동,끌올 2시간 전,판매중,https://www.daangn.com/kr/buy-sell/%EA%B2%8C%EC%8A%A4-%EC%97%AC%EC%84%B1-%EC%9D%BC%EC%9E%90-%EB%B8%94%EB%9E%99%EC%A7%84-25%EC%82%AC%EC%9D%B4%EC%A6%88-945sf31p9jtj/,포푸,게스 여성 일자 블랙진입니다. - 사이즈: 25 - 색상: 블랙 편하게 입으실 분 채팅 주세요!,7
삐삐래쉬 노글루 속눈썹 #Crown,"8,000원",대전 서구 둔산동,끌올 2시간 전,판매중,https://www.daangn.com/kr/buy-sell/%EC%82%90%EC%82%90%EB%9E%98%EC%89%AC-%EB%85%B8%EA%B8%80%EB%A3%A8-%EC%86%8D%EB%88%88%EC%8D%B9-crown-6c31uuu17m1s/,포푸,삐삐래쉬 노글루 속눈썹 #Crown 입니다 3가닥 연습삼아 써본거에요 !,5
베고니아 푸토엔시스,"6,000원",대전 서구 둔산동,끌올 2시간 전,판매중,https://www.daangn.com/kr/buy-sell/%EB%B2%A0%EA%B3%A0%EB%8B%88%EC%95%84-%ED%91%B8%ED%86%A0%EC%97%94%EC%8B%9C%EC%8A%A4-3itgu9gosxtn/,딩가,동글동글 귀여운 베고니아 푸토엔시스입니다. 키울수록 잎이 커지며 멋있게 자라요. 실습에서 키워서 관리하기 편하실 거예요. 화분 : 지름 8cm,8
나이키 구스,"60,000원",대전 중구 문창동,끌올 2시간 전,판매중,https://www.daangn.com/kr/buy-sell/%EB%82%98%EC%9D%B4%ED%82%A4-%EA%B5%AC%EC%8A%A4-opxyk698dypy/,유리,나이키구스  후드다운 550필파워 서울롯데매장에서  32만원대에 구매했어요  브랜드: 나이키 사이즈:100 충전재: 거위솜털 75% 깃털25 엄청 가볍고 따뜻합니다  옷컨디션 좋은편이예요  하자한군데도 없고 깨끗합니다  엉덩이 살짝덮는 길이감 모자 탈부착안됩니다. ⏩️시간맞추기가 어려워 당분간 택배거래만합니다 택배부담되면 pass하세요,11
호야 휴스켈리아나 바리에가타,"7,000원",대전 서구 둔산동,끌올 2시간 전,판매중,https://www.daangn.com/kr/buy-sell/%ED%98%B8%EC%95%BC-%ED%9C%B4%EC%8A%A4%EC%BC%88%EB%A6%AC%EC%95%84%EB%82%98-%EB%B0%94%EB%A6%AC%EC%97%90%EA%B0%80%ED%83%80-uuoj5ts4yhwt/,딩가,꽃도 피지만 잎이 예뻐 관상용으로 키우기 좋은 호야 휴스켈리아나 바리에가타입니다. 빛을 많이 쬐면 신엽이 핑크색으로 물들어요. 화분 : 지름 10cm,9
"시마노 25 스티레100PG,101PG 베이트 릴","400,000원",대전 서구 둔산동,끌올 2시간 전,판매중,https://www.daangn.com/kr/buy-sell/%EC%8B%9C%EB%A7%88%EB%85%B8-25-%EC%8A%A4%ED%8B%B0%EB%A0%88100pg-101pg-%EB%B2%A0%EC%9D%B4%ED%8A%B8-%EB%A6%B4-f3ffxffe4bww/,빛나게,"시마노 25 스티레100PG,101PG 윤성조구 정품(보증서 있음) 미사용 새제품입니다  가격40만원",6
빈티지 철제 스툴 앤틱 의자,"30,000원",대전 서구 둔산동,2시간 전,판매중,https://www.daangn.com/kr/buy-sell/%EB%B9%88%ED%8B%B0%EC%A7%80-%EC%B2%A0%EC%A0%9C-%EC%8A%A4%ED%88%B4-%EC%95%A4%ED%8B%B1-%EC%9D%98%EC%9E%90-kst3so5j3vto/,가을바람,앤틱 스타일의 철제 스툴입니다 철제 프레임에 방수 패브릭 쿠션이 덧대어져 있습니다 빈티지한 디자인으로 인테리어 소품으로 활용하기 좋습니다 36-36센치 높이45센치 거의새제품,7
레노버 Ideapad 110S 노트북 부품용,"45,000원",대전 서구 둔산동,끌올 2시간 전,판매중,https://www.daangn.com/kr/buy-sell/%EB%A0%88%EB%85%B8%EB%B2%84-ideapad-110s-%EB%85%B8%ED%8A%B8%EB%B6%81-%EB%B6%80%ED%92%88%EC%9A%A9-nitjhdtqqrxu/,자연보호,"레노버 Ideapad 110S 노트북 부품용  충전기 포함ㆍ키보드 작동 안됩니다ㆍ 중고라서 물건에 큰 하자 없으면 교환, 환불은 어려운 점 이해 부탁드려요~",9
리바이스 514 청바지,"10,000원",대전 서구 둔산동,끌올 2시간 전,판매중,https://www.daangn.com/kr/buy-sell/%EB%A6%AC%EB%B0%94%EC%9D%B4%EC%8A%A4-514-%EC%B2%AD%EB%B0%94%EC%A7%80-one3qfujbj47/,자연보호,"리바이스 514 청바지 W30 L32 사이즈입니다 약간의 사용감은 있지만 전체적으로 상태는 괜찮습니다ㆍ중고라서 물건에 큰 하자 없으면 교환, 환불은 어려운 점 이해 부탁드려요~",8
리바이스 청바지,"15,000원",대전 서구 둔산동,끌올 2시간 전,판매중,https://www.daangn.com/kr/buy-sell/%EB%A6%AC%EB%B0%94%EC%9D%B4%EC%8A%A4-%EC%B2%AD%EB%B0%94%EC%A7%80-fjpfar5v35pd/,자연보호,"리바이스 514 청바지 W32 L34 사이즈입니다 약간의 사용감 있습니다ㆍ중고라서 물건에 큰 하자 없으면 교환, 환불은 어려운 점 이해 부탁드려요~",8
미니 빔프로젝터,"45,000원",대전 서구 둔산동,끌올 2시간 전,판매중,https://www.daangn.com/kr/buy-sell/%EB%AF%B8%EB%8B%88-%EB%B9%94%ED%94%84%EB%A1%9C%EC%A0%9D%ED%84%B0-1u4fhzbpofec/,자연보호,"SMARTPICO Wireless P1 미니 빔프로젝터입니다 휴대하기 좋은 미니 사이즈입니다ㆍ 중고라서 물건에 큰 하자 없으면 교환, 환불은 어려운 점 이해 부탁드려요~",9
오디세이 퍼터,"50,000원",대전 서구 둔산동,끌올 2시간 전,판매중,https://www.daangn.com/kr/buy-sell/%EC%98%A4%EB%94%94%EC%84%B8%EC%9D%B4-%ED%8D%BC%ED%84%B0-i1wzvjkrezf3/,자연보호,"오디세이 화이트 아이스 D.A.R.T. 블레이드 퍼터입니다ㆍ그립은 Larsen으로 교체되었습니다ㆍ사용감은 있지만, 전체적으로 양호한 상태입니다ㆍ중고라서 물건에 큰 하자 없으면 교환, 환불은 어려운 점 이해 부탁드려요~",8
아디다스 프레데터 풋살화 220mm,"15,000원",대전 서구 둔산동,끌올 2시간 전,판매중,https://www.daangn.com/kr/buy-sell/%EC%95%84%EB%94%94%EB%8B%A4%EC%8A%A4-%ED%94%84%EB%A0%88%EB%8D%B0%ED%84%B0-%ED%92%8B%EC%82%B4%ED%99%94-220mm-4pkuv2yt8yoj/,자연보호,"아디다스 프레데터 풋살화 220mm입니다 골드와 블랙 색상 조합으로 세련된 디자인이에요 사용감이 적고 깨끗한 상태입니다 중고라서 물건에 큰 하자 없으면 교환, 환불은 어려운 점 이해 부탁드려요~ 중고라서 물건에 큰 하자 없으면 교환, 환불은 어려운 점 이해 부탁드려요~",8
핑 G25 드라이버 10.5도,"120,000원",대전 서구 둔산동,2시간 전,판매중,https://www.daangn.com/kr/buy-sell/%ED%95%91-g25-%EB%93%9C%EB%9D%BC%EC%9D%B4%EB%B2%84-10-5%EB%8F%84-vg8gmuqofms3/,오리진,핑 G25 드라이버 10.5도 입니다  저는 골프존 기준 드라이버 스피드 평균 63정도 니옵니다 우라도 없고 잘나가는데 제가 핑으로 업그레이드 하려고 팝니다 ㅎ 샤프트는 TFC 360D SR 이고 길이는 45.75인치 입니다 커버 포함입니다  네고 가능합니다 잘나갑니다,9
신세계 상품권 10만원권(2장),"190,000원",대전 서구 둔산동,2시간 전,판매중,https://www.daangn.com/kr/buy-sell/%EC%8B%A0%EC%84%B8%EA%B3%84-%EC%83%81%ED%92%88%EA%B6%8C-10%EB%A7%8C%EC%9B%90%EA%B6%8C-2%EC%9E%A5-w76nmqcu31vq/,gokimjk,신세계 상품권 10만원권입니다 필요하신 분 채팅 주세요!,5
"삼성 잉크 M260, C260 미개봉 새제품","20,000원",대전 서구 둔산동,2시간 전,판매중,https://www.daangn.com/kr/buy-sell/%EC%82%BC%EC%84%B1-%EC%9E%89%ED%81%AC-m260-c260-%EB%AF%B8%EA%B0%9C%EB%B4%89-%EC%83%88%EC%A0%9C%ED%92%88-jor1ghpr9ntd/,썬키스트임,삼성 잉크 카트리지 M260 (검정) 및 C260 (컬러) 잉크입니다. 미개봉 새제품 입니다. 프린트 바꾸게돼서 판매해요~ 연락주세요 두 개 같이 하시면 개 당 2만원에 해드릴게요,5
프린스 EXO-3 라켓 팝니다,"26,000원",대전 서구 둔산동,끌올 2시간 전,판매중,https://www.daangn.com/kr/buy-sell/%ED%94%84%EB%A6%B0%EC%8A%A4-exo-3-%EB%9D%BC%EC%BC%93-%ED%8C%9D%EB%8B%88%EB%8B%A4-8vjj2wtyzthc/,다이션,"프린스 EXO-3 테니스라켓입니다 10여년 전 버전입니다 생활기스 있읍니다만 성능좋습니다. 스트링은 25,000원 RPM블라스트 43/41로 교체한지 2주정도 됬고 사용 거의 안했습니다. 부담없는 가격으로 라켓 쓰세요^^",9
아이패드 에어 5세대 64GB Wi-Fi + Cellular,"550,000원",대전 서구 둔산동,2시간 전,판매중,https://www.daangn.com/kr/buy-sell/%EC%95%84%EC%9D%B4%ED%8C%A8%EB%93%9C-%EC%97%90%EC%96%B4-5%EC%84%B8%EB%8C%80-64gb-wi-fi-cellular-nhhs2tajjqji/,중고최고,애플 아이패드 에어 5세대입니다 - 64GB 저장 공간 - Wi-Fi + Cellular 모델 - 핑크 색상 - 배터리성능 100% - 케이스 포함 - 액정보호필름 부착되어 있습니다. - 얇고 가벼운 디자인으로 휴대성이 좋습니다  - 사진에서 보시는 것처럼 상태는 양호합니다 - 흠집 기스 없습니다  - 박스도 함께 드립니다,14
메가MGC커피 아이스 아메리카노 기프티콘,"1,600원",대전 서구 둔산동,2시간 전,판매중,https://www.daangn.com/kr/buy-sell/%EB%A9%94%EA%B0%80mgc%EC%BB%A4%ED%94%BC-%EC%95%84%EC%9D%B4%EC%8A%A4-%EC%95%84%EB%A9%94%EB%A6%AC%EC%B9%B4%EB%85%B8-%EA%B8%B0%ED%94%84%ED%8B%B0%EC%BD%98-zxn2zhthaim3/,하늘별,"유효기간 - 2026.03.14 이용 안내 - 유효기간 연장, 교환이나 환불이 불가능합니다.",5
호야 휴스켈리아나 바리에가타,"7,000원",대전 서구 둔산동,2시간 전,판매중,https://www.daangn.com/kr/buy-sell/%ED%98%B8%EC%95%BC-%ED%9C%B4%EC%8A%A4%EC%BC%88%EB%A6%AC%EC%95%84%EB%82%98-%EB%B0%94%EB%A6%AC%EC%97%90%EA%B0%80%ED%83%80-c2dh6djmi2zf/,딩가,꽃도 피지만 잎이 예뻐 관상용으로 키우기 좋은 호야 휴스켈리아나 바리에가타입니다. 빛을 많이 쬐면 신엽이 핑크색으로 물들어요. 화분 : 지름 9cm,9
대리석 스텐드. 워머램프,"50,000원",대전 서구 둔산동,2시간 전,판매중,https://www.daangn.com/kr/buy-sell/%EB%8C%80%EB%A6%AC%EC%84%9D-%EC%8A%A4%ED%85%90%EB%93%9C-%EC%9B%8C%EB%A8%B8%EB%9E%A8%ED%94%84-25fnmv61qdc8/,가을바람,"대리석 받침과 꽃 모양 유리 갓이 예쁜  램프입니다. 또.  캔들워머로도. 사용가능 은은한 불빛으로 아늑한 분위기를 연출할 수 있어요 캔들워머는 캔들 고유의 향을 은은하게 퍼지게 해주고, 터널링 현상 없이 캔들을 끝까지 사용할 수 있게 해줍니다 높이35센치",7
"[삽니다] 아이폰17프로,프로맥스 미개봉으로 구매합니다","2,950,000원",대전 서구 둔산동,끌올 2시간 전,판매중,https://www.daangn.com/kr/buy-sell/%EC%82%BD%EB%8B%88%EB%8B%A4-%EC%95%84%EC%9D%B4%ED%8F%B017%ED%94%84%EB%A1%9C-%ED%94%84%EB%A1%9C%EB%A7%A5%EC%8A%A4-%EB%AF%B8%EA%B0%9C%EB%B4%89%EC%9C%BC%EB%A1%9C-%EA%B5%AC%EB%A7%A4%ED%95%A9%EB%8B%88%EB%8B%A4-36r7fmsmaupv/,직거래,"선물용으로 구매하는거라 외관박스도 깨끗한걸로 구매합니다 파손,찌그러짐X 미개봉으로 구매합니다 아이폰17 - 108 [512G는 129] 아이폰17에어 - 112 [512G는 124, 1TB는 126] 아이폰17프로 - 164 [512G은 193, 1TB는 220] 아이폰17프로맥스 - 187 [512G는 216, 1TB는 241, 2TB는 294] 선호색상이 있어서 색상마다 달라서 문의주세요 * 여러대 가지고있으면 다같이 구매가능합니다 위 희망가격으로 구해봅니다 쿠팡, 애플샵 등 자급제(통신사폰X)로 구매합니다 * 통신사폰은 미개봉으로 따로 말씀해주세요 * 단순개봉 따로 말씀해주세요",5
노스페이스 리버톤 온볼 롱패딩 110사이즈,"150,000원",대전 유성구 원신흥동,끌올 2시간 전,판매중,https://www.daangn.com/kr/buy-sell/%EB%85%B8%EC%8A%A4%ED%8E%98%EC%9D%B4%EC%8A%A4-%EB%A6%AC%EB%B2%84%ED%86%A4-%EC%98%A8%EB%B3%BC-%EB%A1%B1%ED%8C%A8%EB%94%A9-110%EC%82%AC%EC%9D%B4%EC%A6%88-5cc3r5u78ha6/,이꼬비,노스페이스 리버톤 온볼 롱패딩 리얼블랙색상이며 사이즈는 XXL (105-110)입니다 재작년에 구매후 몇번 안입어서 상태 좋습니다 로고가 블랙색상이라 부담없이 입기 좋습니다 ON a Ball 충전재를 사용하여 보온성이 뛰어나요 - 가벼운 무게로 활동성이 좋아요 - 겨울철 따뜻하게 입을 수 있어요 꼭 구매 하실분만 연락주세요,11
어린이 탬버린 소고 악기 세트,"3,000원",대전 서구 둔산동,3시간 전,판매중,https://www.daangn.com/kr/buy-sell/%EC%96%B4%EB%A6%B0%EC%9D%B4-%ED%83%AC%EB%B2%84%EB%A6%B0-%EC%86%8C%EA%B3%A0-%EC%95%85%EA%B8%B0-%EC%84%B8%ED%8A%B8-1bj22qjr3gv8/,윌리나이스,어린이 악기 세트입니다 탬버린과 소고가 포함되어 있습니다 귀여운 릴락쿠마 가방도 함께 드립니다 아이들이 즐겁게 연주할 수 있어요,5
(W) 나이키 덩크 하이 SE 세일블랙 270mm 판매합니다!,"30,000원",대전 서구 둔산동,끌올 3시간 전,판매중,https://www.daangn.com/kr/buy-sell/w-%EB%82%98%EC%9D%B4%ED%82%A4-%EB%8D%A9%ED%81%AC-%ED%95%98%EC%9D%B4-se-%EC%84%B8%EC%9D%BC%EB%B8%94%EB%9E%99-270mm-%ED%8C%90%EB%A7%A4%ED%95%A9%EB%8B%88%EB%8B%A4-wvcmix1wdesq/,뽀짝이,(W) 나이키 덩크 하이 SE 세일블랙 270mm 판매합니다! 구매하고 3번정도 신고 보관만 해놓은 신발입니다! 신축선 신발끈으로 교체해놨고 신발 혀 부분에 오염이 있어서 저렴하게 판매합니다! (박스X) 채팅주세요~ 직거래는 시청역 5번 출구앞에서 가능합니다!^^ 직거래는 중촌동 금호아파트앞에서 가능합니다^^ 중고거래 특성상 구매후 교환이나 환불은 어렵습니다.,11
스투시 립 케이지 LS M,"50,000원",대전 유성구 봉명동,끌올 3시간 전,판매중,https://www.daangn.com/kr/buy-sell/%EC%8A%A4%ED%88%AC%EC%8B%9C-%EB%A6%BD-%EC%BC%80%EC%9D%B4%EC%A7%80-ls-m-t1zt1wdeksfq/,롯데리아,일본에서 사서 3번 입고 판매해용,6
(새상품)폴로 랄프로렌 반팔티셔츠 네이비L,"35,000원",대전 서구 둔산동,끌올 3시간 전,판매중,https://www.daangn.com/kr/buy-sell/%EC%83%88%EC%83%81%ED%92%88-%ED%8F%B4%EB%A1%9C-%EB%9E%84%ED%94%84%EB%A1%9C%EB%A0%8C-%EB%B0%98%ED%8C%94%ED%8B%B0%EC%85%94%EC%B8%A0-%EB%84%A4%EC%9D%B4%EB%B9%84l-ye59f4r88878/,모찌언니,"폴로 랄프로렌 남성 네이비 반팔 티셔츠 새상품입니다 사이즈는 LG-170/96A 이고, 면 100% 재질입니다 깔끔한 디자인으로 어디에나 잘 어울립니다 환불,교환❌ 인사.찌르기사절 네고,비매너❌ 불펌금지😩 노쇼차단합니다ㅜ 선입금우선거래 택배(당일택배) 저렴히 올린 금액이니  말도 안되는 에눌은 대화는 정중히 사양하겠습니다🙏 택배요청시 3천원 추가비용~",7
룩 564 S사이즈 무하자급 픽시 판매/대차,"2,800,000원",경기 화성시 동탄6동,끌올 3시간 전,판매중,https://www.daangn.com/kr/buy-sell/%EB%A3%A9-564-s%EC%82%AC%EC%9D%B4%EC%A6%88-%EB%AC%B4%ED%95%98%EC%9E%90%EA%B8%89-%ED%94%BD%EC%8B%9C-%ED%8C%90%EB%A7%A4-%EB%8C%80%EC%B0%A8-dhb4iqc3bucm/,픽시러버,"가격 어그로 룩 564 UCI 정품  S사이즈 3대주  (실질적 2대주) 도까 X 새상품급 구성 챗주세요 상급 구성 입니다. 완차 575   프레임 350       반차 450   검색어:3t,써벨로,룩,리파인드,라피에르,카베자메리다,리더,언노운,콘스탄틴,벨로모빌,리컴번트,비앙키,짚,앙카,도스노벤타 스컬트라,리엑토,리엑토 멕라렌 람보르기니,페라리,오토바이,각기 ZIPP,이즈미,스기노,라케타,시마노,신형,피나렐로,신품,트랙,트렉,첼로,인터프로,펠트,리들리,bmc,kmc,아르곤18,위아위스,엔진11,88림,디스크휠, 로드,픽시,mtb,풀샥,bmx,트릭픽시,벨로모빌,리컴번트,트라이얼,그래블,경륜,소라,티아그라,프롤로고,울테그라,후지,스페셜라이즈드,에스웍스,어드벤스,투워니,클라리스,페포,카본,마빅,아르마,오발이,피직,50,30,60,90림,스턴트스쿠터,투스포크,림블랙켓,스포크,허브,볼트싯포스트,헬멧,룩l96 l96 r96 t20 396 296 464 364 바이큰,치카노,지오스,도마스 휴스턴,서울,la,도쿄,에딘버러,삼천리,에이모션,에이모션트리가,데브그루,로가스,로가스 다운타운 t4 t3 t1 t5 S3 크릿디,스프린터,불렛,볼텍스 어베인 버나드 콘스탄틴 쇼크 디스페랄 윈드시어,트위터 lv3 lv2 lv2 싱귤러리티2 져지 쫄쫄이 무스너클 맥케이지 몽클레어psx ps1 구형  360,에틱,타누스,코나,트랙,스캇,엘파마,Smith,검월타이어,픽시,알카본,알류미늄,티타늄,나노,나놋입자,구찌,샤넬,언노운펄스 어드벤스1 어드벤스2,에이지 엔트라,에이지 수프라, 인터프로 미사일,인터프로 독주,아비아브,미니벨로,위더피플,선데이,모토벨로,자이언트,자이언트레인,어반,제피로,바쏘,바소팩터,FACTOR,파스포츠,캐논데일,슈퍼피스타,콜나고,크로몰리,코리마,에콜로직스,도란,노바텍,치넬리,비고렐리,메쉬스틸,메쉬워크,ac1 ac2,펠트tk1,펠트tk3,철인3종,tt바,베이스바,드롭바,트랙바,시쓸릭,불혼바,리치휠,캄파놀로,크로드,도디치,도그마,df4 df3 프리큐사 슈퍼노바,아반티 BT 스텔스,BT 울트라,라이트웨이트,자작,디스크커버,인터프로 아미고,쓰론,나가사와,쓰나미,켄도,스테이트,크레이지,체이서,디티,첼로산렌쇼,코렉스,헤드젯,벨로라인,띠꼬르디,치넬리 레이저,앙카 브릿지스톤,룩795,룩695,룩464룩,364,룩264,룩164,xrs,테슈너,오베아,케니언,가민,속도계.데다,엔진11 헌터브로스,갓앤페이머스,오션블루,캔디블루,3d로터,베가스트,디럭스,뉴에바요크,브레이커,건메탈,ird,코비,국뽕,메탈그레이,벨로시닷,키리커,백스,푸시아,도스노벤타 쿠알라룸푸르,디트로이트,짚404,짚808,보이져,위아위스txt,txtsd,와스지,플래닛x,룩564,트리곤,트랜지션,프롤로고,bmc tr01,bmc tr02,파간gt,로타지오네,픽시,꿀매,썬데이,bmx",7
스킨답서스 트루비 문라이트,"5,000원",대전 서구 둔산동,3시간 전,판매중,https://www.daangn.com/kr/buy-sell/%EC%8A%A4%ED%82%A8%EB%8B%B5%EC%84%9C%EC%8A%A4-%ED%8A%B8%EB%A3%A8%EB%B9%84-%EB%AC%B8%EB%9D%BC%EC%9D%B4%ED%8A%B8-dk5dhexgah91/,딩가,스킨답서스 트루비 문라이트입니다. 그린실버 색상의 두꺼운 잎이 매력적인 스킨답서스예요. 화분 : 7.5cm 사각,9
해피콜 직화 오븐,"5,000원",대전 서구 둔산동,3시간 전,판매중,https://www.daangn.com/kr/buy-sell/%ED%95%B4%ED%94%BC%EC%BD%9C-%EC%A7%81%ED%99%94-%EC%98%A4%EB%B8%90-nm9sikn8ow8k/,윌리나이스,해피콜 직화 오븐입니다 기름이 쏙 빠지는 구조로 되어있어 요리가 더욱 맛있어집니다 집에서 간편하게 맛있는 구이 요리를 즐길 수 있습니다,7
<출산준비물>디펜드 물없이 쓰는 샴푸 200ml 2개,"5,000원",대전 서구 둔산동,끌올 3시간 전,판매중,https://www.daangn.com/kr/buy-sell/%EC%B6%9C%EC%82%B0%EC%A4%80%EB%B9%84%EB%AC%BC-%EB%94%94%ED%8E%9C%EB%93%9C-%EB%AC%BC%EC%97%86%EC%9D%B4-%EC%93%B0%EB%8A%94-%EC%83%B4%ED%91%B8-200ml-2%EA%B0%9C-56wt749yu74u/,shmin09,디펜드 물없이 쓰는 샴푸 200ml × 2통 입니다 - 소비기한: 28년 1월 20일까지 물 없이도 산뜻하게 샴푸가 가능하고 퀵 드라이 기능으로 빠르게 말릴 수 있습니다 99% 항균 효과로 두피를 깨끗하게 관리할 수 있습니다 출산 준비템으로 유명한 템 12월 말에 구매했고 비닐도 안뜯은 완전 새제품 2병입니다 일괄 가격이에요 🏡중촌 푸르지오 가지러 와주셔야 합니다 🎀 당근페이 받으면 예약중으로 변경할게요 🎀 상세주소는 약속 시간 정해지면 알려드려요 (비대면 문고리 거래만 해요) 🎀 중고거래 특성상 교환 및 환불 불가입니다,7
V넥 루즈핏 니트 올리브색,"7,000원",대전 서구 둔산동,끌올 3시간 전,판매중,https://www.daangn.com/kr/buy-sell/v%EB%84%A5-%EB%A3%A8%EC%A6%88%ED%95%8F-%EB%8B%88%ED%8A%B8-%EC%98%AC%EB%A6%AC%EB%B8%8C%EC%83%89-ffyx5w7ehen5/,마루머쓱,"여름에 입기 좋은 V넥 니트입니다 시원한 소재로 되어있고, 루즈핏으로 여리여리한 핏을 연출할 수 있어요 색상은 은은한 올리브색입니당 원가: 20000",5
오프숄더 니트 티셔츠 회색,"7,000원",대전 서구 둔산동,끌올 3시간 전,판매중,https://www.daangn.com/kr/buy-sell/%EC%98%A4%ED%94%84%EC%88%84%EB%8D%94-%EB%8B%88%ED%8A%B8-%ED%8B%B0%EC%85%94%EC%B8%A0-%ED%9A%8C%EC%83%89-zft3ig8uccen/,마루머쓱,부드러운 소재로 착용감 좋아용 어깨 라인이 진짜 이쁘게 보입니다🥰 1번 입어서 상태 좋아요!,5
트임 니트 상의 베이지,"9,000원",대전 서구 둔산동,끌올 3시간 전,판매중,https://www.daangn.com/kr/buy-sell/%ED%8A%B8%EC%9E%84-%EB%8B%88%ED%8A%B8-%EC%83%81%EC%9D%98-%EB%B2%A0%EC%9D%B4%EC%A7%80-23hf9xzj59or/,마루머쓱,원가 24900-> 10000 입으려고 사놨는데 입고 다닐 일이 없어서 팝니다ㅠ 착용만 해봤고 상태 좋습니다💖,5
회색 오버핏 니트 가디건,"6,000원",대전 서구 둔산동,끌올 3시간 전,판매중,https://www.daangn.com/kr/buy-sell/%ED%9A%8C%EC%83%89-%EC%98%A4%EB%B2%84%ED%95%8F-%EB%8B%88%ED%8A%B8-%EA%B0%80%EB%94%94%EA%B1%B4-4u7i37a84cma/,마루머쓱,"회색 니트 가디건입니당 오버핏으로 편하게 입을 수 있고, 니트 소재로 따뜻해요! 핏도 아방해서 정말 이뻐요🤍✨",5
청지마+물결 시스루 티셔츠,"11,000원",대전 서구 둔산동,끌올 3시간 전,판매중,https://www.daangn.com/kr/buy-sell/%EC%B2%AD%EC%A7%80%EB%A7%88-%EB%AC%BC%EA%B2%B0-%EC%8B%9C%EC%8A%A4%EB%A3%A8-%ED%8B%B0%EC%85%94%EC%B8%A0-hphm5iev4m3w/,마루머쓱,입으시면 그냥 y2k girl 됩니다🩷 치마는 한번 입었고 티는 2번 입었습니다  상태 좋아용,5
노르딕 떡볶이 니트 가디건,"13,000원",대전 서구 둔산동,끌올 3시간 전,판매중,https://www.daangn.com/kr/buy-sell/%EB%85%B8%EB%A5%B4%EB%94%95-%EB%96%A1%EB%B3%B6%EC%9D%B4-%EB%8B%88%ED%8A%B8-%EA%B0%80%EB%94%94%EA%B1%B4-u89sd8cypy64/,마루머쓱,따뜻하고 부드러운 니트 소재로 포근합니다! 핏도 너무 이쁘게 떨어져요💗,5
에고이스트 원피스 66,"7,000원",대전 서구 둔산동,끌올 3시간 전,판매중,https://www.daangn.com/kr/buy-sell/%EC%97%90%EA%B3%A0%EC%9D%B4%EC%8A%A4%ED%8A%B8-%EC%9B%90%ED%94%BC%EC%8A%A4-66-od2s4xsp32i3/,아기사자맘,"에고이스트 브라운 색상의 니트 원피스입니다 전체적으로 큐빅 장식이 있어 포인트를 줍니다 1번 입어 상태는 좋으며 살이 빠져 팔아요 단추 사이사이에 똑딱단추 4개나 있어요 빠른 거래위해 가격 많이 낮췄어요 교환, 환불 불가",7
와플팬 새상품,"3,000원",대전 서구 둔산동,3시간 전,판매중,https://www.daangn.com/kr/buy-sell/%EC%99%80%ED%94%8C%ED%8C%AC-%EC%83%88%EC%83%81%ED%92%88-p9f4xan994fw/,윌리나이스,와플팬 새상품 입니다 사놓고 한 번도 쓴 적 없습니다,6
여성 맨투맨 티셔츠,"5,000원",대전 서구 둔산동,끌올 3시간 전,판매중,https://www.daangn.com/kr/buy-sell/%EC%97%AC%EC%84%B1-%EB%A7%A8%ED%88%AC%EB%A7%A8-%ED%8B%B0%EC%85%94%EC%B8%A0-b3r6fbbg6yk6/,오이,"- 55~66(M) - 1번째는 사진이 잘못 나와서 ㅜㅜ     줄무늬없는 그냥 민블랙입니다~ - 2, 3번째는 기모 안감 - 2, 3번째는 엉덩이를 살짝 덮는 롱기장 - 모두 다 하시면 총 5,000원에 드릴게요~^^ 🚫 반품 불가합니다~ 신중한 선택 부탁드립니다~^^",7
여성 스타킹,"10,000원",대전 서구 둔산동,끌올 3시간 전,판매중,https://www.daangn.com/kr/buy-sell/%EC%97%AC%EC%84%B1-%EC%8A%A4%ED%83%80%ED%82%B9-on4qk6hwkqpd/,오이,"미개봉 새상품으로 모두 합친 금액입니다~ - 레깅스(무발) 네이비블루 5,000 - 판타롱 스타킹 살색은 7개 모두 5,000 🚫 반품은 불가합니다. 신중한 선택 부탁드려요~^^",5
여성 청바지,"10,000원",대전 서구 둔산동,끌올 3시간 전,판매중,https://www.daangn.com/kr/buy-sell/%EC%97%AC%EC%84%B1-%EC%B2%AD%EB%B0%94%EC%A7%80-44xgrdzwh4pg/,오이,"택도 떼지 않은 새상품입니다~ - 봄, 여름, 가을 청바지로 착용가능해요~ - 28(통통 55~66) 🚫 반품은 불가합니다. 신중한 선택 부탁드려요~^^",7
여성 신발,"10,000원",대전 서구 둔산동,끌올 3시간 전,판매중,https://www.daangn.com/kr/buy-sell/%EC%97%AC%EC%84%B1-%EC%8B%A0%EB%B0%9C-4e6q6mu2bbaa/,오이,- 둘 다 235입니다~ - 탠디 블랙 가죽 앵클 부츠는 5cm 굽 있어요~ 🚫 반품은 불가합니다. 신중한 선택 부탁드려요~^^,6
탁상 달력,"5,000원",대전 서구 둔산동,끌올 3시간 전,판매중,https://www.daangn.com/kr/buy-sell/%ED%83%81%EC%83%81-%EB%8B%AC%EB%A0%A5-a45hi53runeb/,오이,GMZ 2026년 세계 지도 스케줄러 탁상 달력입니다. 튼튼한 종이를 사용하여 필기감이 좋고 눈부심이 적습니다. 실용적인 디자인으로 업무 능력 향상에 도움을 줍니다. 🚫 반품은 불가합니다. 신중한 선택 부탁드려요~^^,6
히라이 켄(Ken Hirai) 10주년 기념 CD,"5,000원",대전 서구 둔산동,끌올 3시간 전,판매중,https://www.daangn.com/kr/buy-sell/%ED%9E%88%EB%9D%BC%EC%9D%B4-%EC%BC%84-ken-hirai-10%EC%A3%BC%EB%85%84-%EA%B8%B0%EB%85%90-cd-hdkzupdx7upq/,오이,- Ken Hirai 10th Anniversary Complete Single Collection 95-05 CD - 2개로 구성 🚫 반품은 불가합니다. 신중한 선택 부탁드려요~^^,7
리오벨 폭스퍼 양가죽 코트 55,"24,000원",대전 서구 도안동,끌올 3시간 전,판매중,https://www.daangn.com/kr/buy-sell/%EB%A6%AC%EC%98%A4%EB%B2%A8-%ED%8F%AD%EC%8A%A4%ED%8D%BC-%EC%96%91%EA%B0%80%EC%A3%BD-%EC%BD%94%ED%8A%B8-55-5zfsuuv8bmv1/,흰둥이,"Lio Bell의 고급스러운 여성 코트입니다 - 사이즈는 55입니다 - 폭스 퍼와 양가죽 소재로 제작되어 고급스러움을 더했습니다 - 뛰어난 보온성으로 겨울철 따뜻하게 입을 수 있습니다 - 세련된 디자인으로 어떤 스타일에도 잘 어울립니다 - 고급스러운 소재와 디자인으로 특별한 날에도 잘 어울립니다 가슴품 49 총기장 89 안녕하세요. 찔러보기 안해요.과도한 에누리 안돼요. 교환,환불 안되니 신중하게 구매해 주세요^^ 입금 먼저 하신분께 판매합니다. 당근페이 안해요 택배 선호해요^^ 일반택배 3500원 반값택배 2,000원(GS) 직거래는 1.유성온천역  우리은행 앞                 2.갈마육교 스타벅스 앞 비대면 문고리; 유성 ※ 확인하고 연락 주세요^^ ※ 예민하고 민감하신분은 다른분과 거래 해주세요.     깨끗한것만 거래하고 있어요.하지만 미처 발견못한      사용감 이해해 주실 착한 분을 만나고 싶어요^^",14
시스템 네이비 트위드 자켓S,"27,000원",대전 서구 도안동,끌올 3시간 전,판매중,https://www.daangn.com/kr/buy-sell/%EC%8B%9C%EC%8A%A4%ED%85%9C-%EB%84%A4%EC%9D%B4%EB%B9%84-%ED%8A%B8%EC%9C%84%EB%93%9C-%EC%9E%90%EC%BC%93s-k4zmccrcvero/,흰둥이,"SYSTEM의 네이비 트위드 자켓입니다 세련된 디자인으로 포인트를 줄 수 있습니다 사이즈는 82-94-160입니다 재질은 폴리에스터와 레이온 혼방입니다 가슴품 47 총기장60 안녕하세요. 찔러보기 안해요.과도한 에누리 안돼요. 교환,환불 안되니 신중하게 구매해 주세요^^ 입금 먼저 하신분께 판매합니다. 당근페이 안해요 택배 선호해요^^ 일반택배 3500원 반값택배 2,000원(GS) 직거래는 1.유성온천역  우리은행 앞                 2.갈마육교 스타벅스 앞 비대면 문고리; 유성 ※ 확인하고 연락 주세요^^ ※ 예민하고 민감하신분은 다른분과 거래 해주세요.     깨끗한것만 거래하고 있어요.하지만 미처 발견못한      사용감 이해해 주실 착한 분을 만나고 싶어요^^",14
바버 리데스데일 퀼팅 자켓,"75,000원",대전 서구 도안동,끌올 3시간 전,판매중,https://www.daangn.com/kr/buy-sell/%EB%B0%94%EB%B2%84-%EB%A6%AC%EB%8D%B0%EC%8A%A4%EB%8D%B0%EC%9D%BC-%ED%80%BC%ED%8C%85-%EC%9E%90%EC%BC%93-a9rofakxu7ux/,흰둥이,"바버 리데스데일 퀼팅 자켓입니다 블랙 색상이고, 100% 폴리에스터 소재입니다 - 퀼팅 디자인으로 보온성이 좋습니다 - 가볍고 활동성이 좋습니다 - 캐주얼한 스타일 연출에 용이합니다 사이즈는 S표기이나 슬림핏 100이상 가능합니다 유럽사이즈라..실측 비교해주세요. 상태는 아주 좋아요. 가슴품 57 총기장 78 안녕하세요. 찔러보기 안해요.과도한 에누리 안돼요. 교환,환불 안되니 신중하게 구매해 주세요^^ 입금 먼저 하신분께 판매합니다. 당근페이 가능해요 택배 선호해요^^ 일반택배 3500원 반값택배 2,000원(GS) 직거래는 1.유성온천역  우리은행 앞                 2.갈마육교 스타벅스 앞 비대면 문고리; 유성 ※ 확인하고 연락 주세요^^ ※ 예민하고 민감하신분은 다른분과 거래 해주세요.     깨끗한것만 거래하고 있어요.하지만 미처 발견못한      사용감 이해해 주실 착한 분을 만나고 싶어요^^",14
폴로 랄프로렌 메리노 울 니트 퍼플 L,"34,000원",대전 서구 도안동,끌올 3시간 전,판매중,https://www.daangn.com/kr/buy-sell/%ED%8F%B4%EB%A1%9C-%EB%9E%84%ED%94%84%EB%A1%9C%EB%A0%8C-%EB%A9%94%EB%A6%AC%EB%85%B8-%EC%9A%B8-%EB%8B%88%ED%8A%B8-%ED%8D%BC%ED%94%8C-l-csk7w33vsoiy/,흰둥이,"폴로 랄프로렌  니트입니다 - 색상은 퍼플입니다 - 소재는 100% 메리노 울입니다 - 드라이 크리닝을 권장합니다 부드러운 메리노 울 소재로 제작되어 고급스러운 느낌을 줍니다 가슴품 106 총기장 63 안녕하세요. 찔러보기 안해요.과도한 에누리 안돼요. 교환,환불 안되니 신중하게 구매해 주세요^^ 입금 먼저 하신분께 판매합니다. 당근페이 안해요 택배 선호해요^^ 일반택배 3500원 반값택배 2,000원(GS) 직거래는 1.유성온천역  우리은행 앞                 2.갈마육교 스타벅스 앞 비대면 문고리; 유성 ※ 확인하고 연락 주세요^^ ※ 예민하고 민감하신분은 다른분과 거래 해주세요.     깨끗한것만 거래하고 있어요.하지만 미처 발견못한      사용감 이해해 주실 착한 분을 만나고 싶어요^^",12
널디 벨벳 트레이닝 상의 퍼플,"14,000원",대전 서구 도안동,끌올 3시간 전,판매중,https://www.daangn.com/kr/buy-sell/%EB%84%90%EB%94%94-%EB%B2%A8%EB%B2%B3-%ED%8A%B8%EB%A0%88%EC%9D%B4%EB%8B%9D-%EC%83%81%EC%9D%98-%ED%8D%BC%ED%94%8C-i5snpm1ns8hr/,흰둥이,"널디 벨벳 트레이닝 상의 퍼플  부드러운 벨벳 소재로 되어있어요 모델 번호는 PNEF21KA041703 입니다 널디 마니아로 정리중입니다. 너무 많아 한두번 시착용들이예요. 상태 최상^^ 가슴품 114 총기장 67 안녕하세요. 찔러보기 안해요.과도한 에누리 안돼요. 교환,환불 힘드니 신중하게 구매해 주세요^^ 입금 먼저 하신분께 판매합니다. 당근페이 안해요 입금 주세요. 택배 선호해요^^ 일반택배 3500원 반값택배 2,000원(GS편의점만요) 직거래는 1.유성온천역  우리은행 앞                 2.갈마육교 스타벅스 앞 비대면 문고리; 유성 ※ 확인하고 연락 주세요^^ ※ 예민하고 민감하신분은 다른분과 거래 해주세요.     깨끗한것만 거래하고 있어요.하지만 미처 발견못한      사용감 이해해 주실 착한 분을 만나고 싶어요^^",12
이솝 핸드워시 새상품,"38,000원",대전 서구 둔산동,3시간 전,판매중,https://www.daangn.com/kr/buy-sell/%EC%9D%B4%EC%86%9D-%ED%95%B8%EB%93%9C%EC%9B%8C%EC%8B%9C-%EC%83%88%EC%83%81%ED%92%88-3ohpa5p9d7hs/,silverlining,스티커 붙어있는 새 제품 입니다. 포장X 유효기간: 2027년 9월 25일  (아파트 비대면 거래),7
락앤락 프레쉬 스텐 김치통 4.2L/6L,"15,000원",대전 서구 둔산동,끌올 3시간 전,판매중,https://www.daangn.com/kr/buy-sell/%EB%9D%BD%EC%95%A4%EB%9D%BD-%ED%94%84%EB%A0%88%EC%89%AC-%EC%8A%A4%ED%85%90-%EA%B9%80%EC%B9%98%ED%86%B5-4-2l-6l-qvz9nzbr2u31/,kailey,락앤락 프레쉬 스텐 김치통입니다. 선물을 받았는데 기존에 쓰는 게 있어서 정리합니다. 미개봉 새상품이에요. 4.2리터는 1만 5천 6리터는 2만 5천 입니다.,7
유아 기모 레깅스 3벌 세트,"5,000원",대전 서구 둔산동,끌올 3시간 전,판매중,https://www.daangn.com/kr/buy-sell/%EC%9C%A0%EC%95%84-%EA%B8%B0%EB%AA%A8-%EB%A0%88%EA%B9%85%EC%8A%A4-3%EB%B2%8C-%EC%84%B8%ED%8A%B8-p7sijcjmwcrt/,kailey,100호이고 겨울용입니다. 사용감 있으나 어린이집 등하원용으로 편하게 입히실 분 가져가세요.,6
겨울 후드 점퍼 2종 100,"7,000원",대전 서구 둔산동,끌올 3시간 전,판매중,https://www.daangn.com/kr/buy-sell/%EA%B2%A8%EC%9A%B8-%ED%9B%84%EB%93%9C-%EC%A0%90%ED%8D%BC-2%EC%A2%85-100-muocevbqjnfb/,kailey,"두개 다 안감도 보드러운 털로 되어있어요. 노랑 모이몰른은 상태 양호한데 하얀 아가방은 어두운 옷과 같이 세탁해서 이염이 있어서 필요하시면 가져가세요. 눈놀이나 바깥놀이시 편하게 입히실, 예민하지 않은 분이 가져가세요. *세탁해서 입히셔야해요.",7
노란 뚜껑 찬합,"2,000원",대전 서구 둔산동,끌올 3시간 전,판매중,https://www.daangn.com/kr/buy-sell/%EB%85%B8%EB%9E%80-%EB%9A%9C%EA%BB%91-%EC%B0%AC%ED%95%A9-p6178yn2632m/,까망콩,노란색 뚜껑과 금색 테두리가 있는 찬합. 지름은 약 20cm입니다 뚜껑도 함께 드립니다 가스불에 사용 불가능.,9
"먼작귀 하치와레, 치이카와 아크릴 스탠드 새상품","4,000원",대전 서구 둔산동,3시간 전,판매중,https://www.daangn.com/kr/buy-sell/%EB%A8%BC%EC%9E%91%EA%B7%80-%ED%95%98%EC%B9%98%EC%99%80%EB%A0%88-%EC%B9%98%EC%9D%B4%EC%B9%B4%EC%99%80-%EC%95%84%ED%81%AC%EB%A6%B4-%EC%8A%A4%ED%83%A0%EB%93%9C-%EC%83%88%EC%83%81%ED%92%88-iawi5r2g93kx/,우사기,먼작귀 아크릴 스탠드 새상품입니다 미개봉 상태로 보관 중이며 하치와레와 치이카와 두 가지 디자인이 있습니다 일괄 6000 개당 4000 교환 우사기 랏코 씨유 반택합니다.,6
(1회착용)가내스라 보닌 코튼 핀턱 팬츠,"25,000원",대전 서구 둔산동,끌올 3시간 전,판매중,https://www.daangn.com/kr/buy-sell/1%ED%9A%8C%EC%B0%A9%EC%9A%A9-%EA%B0%80%EB%82%B4%EC%8A%A4%EB%9D%BC-%EB%B3%B4%EB%8B%8C-%EC%BD%94%ED%8A%BC-%ED%95%80%ED%84%B1-%ED%8C%AC%EC%B8%A0-v64x248vs7yo/,Suk2,"1회착용, s사이즈 옷이 많아 팔아요 구매가: 42,300원 —————————————————————————— 택배 +3,500원(반값택배는 +2,000원) 계좌이체 ❌ 당근페이만!! (계좌번호 공개 안 해요!) 직거래시 비대면 거래로 집 앞 소화전, 당근페이 받은 후 상세 주소 알려드려요. 주소 알려드렸는데 잠수타시거나, 수거 후 에눌 요구하시는 경우가 있어서 참고부탁드립니다🥹🥲",12
(1회착용)오디너리먼트 단스 울 자켓,"76,000원",대전 서구 둔산동,끌올 3시간 전,판매중,https://www.daangn.com/kr/buy-sell/1%ED%9A%8C%EC%B0%A9%EC%9A%A9-%EC%98%A4%EB%94%94%EB%84%88%EB%A6%AC%EB%A8%BC%ED%8A%B8-%EB%8B%A8%EC%8A%A4-%EC%9A%B8-%EC%9E%90%EC%BC%93-5etwcobezfyv/,Suk2,"1회착용, 옷이 많아 팔아요 생활보풀 약간(크게 신경 안 쓰임) 구매가: 152,100원 —————————————————————————— 택배 +3,500원(반값택배는 +2,000원) 계좌이체 ❌ 당근페이만!! (계좌번호 공개 안 해요!) 직거래시 비대면 거래로 집 앞 소화전, 당근페이 받은 후 상세 주소 알려드려요. 주소 알려드렸는데 잠수타시거나, 수거 후 에눌 요구하시는 경우가 있어서 참고부탁드립니다🥹🥲",13
(1회착용)로빈유 핀턱 기모 슬랙스,"18,000원",대전 서구 둔산동,끌올 3시간 전,판매중,https://www.daangn.com/kr/buy-sell/1%ED%9A%8C%EC%B0%A9%EC%9A%A9-%EB%A1%9C%EB%B9%88%EC%9C%A0-%ED%95%80%ED%84%B1-%EA%B8%B0%EB%AA%A8-%EC%8A%AC%EB%9E%99%EC%8A%A4-2fwa5zxfafth/,Suk2,"1회착용, 옷이 많아 팔아요 구매가: 42,000원 —————————————————————————— 택배 +3,500원(반값택배는 +2,000원) 계좌이체 ❌ 당근페이만!! (계좌번호 공개 안 해요!) 직거래시 비대면 거래로 집 앞 소화전, 당근페이 받은 후 상세 주소 알려드려요. 주소 알려드렸는데 잠수타시거나, 수거 후 에눌 요구하시는 경우가 있어서 참고부탁드립니다🥹🥲",14
아이보리 텀블러 350ml 새상품 (킨토st.),"5,000원",대전 서구 둔산동,끌올 3시간 전,판매중,https://www.daangn.com/kr/buy-sell/%EC%95%84%EC%9D%B4%EB%B3%B4%EB%A6%AC-%ED%85%80%EB%B8%94%EB%9F%AC-350ml-%EC%83%88%EC%83%81%ED%92%88-%ED%82%A8%ED%86%A0st-mopxw8kvyag5/,sseon,"아이보리색 텀블러입니다 헬멧 쓴 귀여운 캐릭터와 벚꽃 디자인이 특징이에요 새상품이며, 350ml 용량으로 휴대하기 좋은 크기입니다 보온/보냉 기능이 있어 사계절 내내 유용하게 사용할 수 있습니다 새상품이구요 킨토제품이랑 비슷합니다^^",6
(2회착용)오디너리먼트 카멜롱울코트,"68,000원",대전 서구 둔산동,끌올 3시간 전,판매중,https://www.daangn.com/kr/buy-sell/2%ED%9A%8C%EC%B0%A9%EC%9A%A9-%EC%98%A4%EB%94%94%EB%84%88%EB%A6%AC%EB%A8%BC%ED%8A%B8-%EC%B9%B4%EB%A9%9C%EB%A1%B1%EC%9A%B8%EC%BD%94%ED%8A%B8-hssho7yts2by/,Suk2,"2회착용, 옷이 많아 팔아요 기장 수선해서 총기장은 108cm입니다 직거래는 둔산2동, 택배비는 +4,000 (크기때문에 반값택배 불가) —————————————————————————— 계좌이체 ❌ 당근페이만!! (계좌번호 공개 안 해요!) 직거래시 비대면 거래로 집 앞 소화전, 당근페이 받은 후 상세 주소 알려드려요. 주소 알려드렸는데 잠수타시거나, 수거 후 에눌 요구하시는 경우가 있어서 참고부탁드립니다🥹🥲",12
여행용 걸이형 파우치 핑크,"2,000원",대전 서구 둔산동,끌올 3시간 전,판매중,https://www.daangn.com/kr/buy-sell/%EC%97%AC%ED%96%89%EC%9A%A9-%EA%B1%B8%EC%9D%B4%ED%98%95-%ED%8C%8C%EC%9A%B0%EC%B9%98-%ED%95%91%ED%81%AC-mat42t6mj9va/,sseon,핑크색 여행용 파우치입니다 걸이형으로 되어있어 편리하게 사용 가능합니다 여러 수납 공간이 있어 다양한 물품을 보관하기 좋습니다 상태는 깨끗합니다,7
한경희 스팀테라피 에스테틱 피부 수분공급 피부관리기 새제품,"10,000원",대전 서구 둔산동,끌올 3시간 전,판매중,https://www.daangn.com/kr/buy-sell/%ED%95%9C%EA%B2%BD%ED%9D%AC-%EC%8A%A4%ED%8C%80%ED%85%8C%EB%9D%BC%ED%94%BC-%EC%97%90%EC%8A%A4%ED%85%8C%ED%8B%B1-%ED%94%BC%EB%B6%80-%EC%88%98%EB%B6%84%EA%B3%B5%EA%B8%89-%ED%94%BC%EB%B6%80%EA%B4%80%EB%A6%AC%EA%B8%B0-%EC%83%88%EC%A0%9C%ED%92%88-2fapuvzuq98z/,sseon,"한경희 스팀테라피 FST-1100RD 새제품입니다 박스에 담겨있는 미개봉 상품이에요 촉촉한 피부를 위한 수분 공급과 묵은 각질 제거, 노폐물 배출에 도움을 주는 스팀테라피 제품이에요 간편한 사용법과 세련된 디자인으로 에스테틱 관리를 집에서 편하게 할 수 있습니다 잘작동되는지 확인때문에 오픈만해본 새제품입니다",7
바넥스 런치세트 도시락통 도시락가방 미개봉 새상품,"9,000원",대전 서구 둔산동,끌올 3시간 전,판매중,https://www.daangn.com/kr/buy-sell/%EB%B0%94%EB%84%A5%EC%8A%A4-%EB%9F%B0%EC%B9%98%EC%84%B8%ED%8A%B8-%EB%8F%84%EC%8B%9C%EB%9D%BD%ED%86%B5-%EB%8F%84%EC%8B%9C%EB%9D%BD%EA%B0%80%EB%B0%A9-%EB%AF%B8%EA%B0%9C%EB%B4%89-%EC%83%88%EC%83%81%ED%92%88-eb5cns16fd58/,sseon,"바넥스 런치세트 미개봉 새상품입니다 도시락 용기 4개와 보냉 가방으로 구성되어 있어요 용기는 1000ML 2개, 125ML 2개로 다양한 음식을 담을 수 있고, 내열/내냉 온도가 -20℃~80℃로 실용적입니다 가볍고 견고한 재질의 신개념 도시락으로 휴대가 간편하며, 아래의 냉매를 사용하면 시원하게 편리하게 사용할 수 있습니다",6
호쿠리쿠 알루미늄 냄비 일본 다시냄비 새상품,"32,000원",대전 서구 둔산동,끌올 3시간 전,판매중,https://www.daangn.com/kr/buy-sell/%ED%98%B8%EC%BF%A0%EB%A6%AC%EC%BF%A0-%EC%95%8C%EB%A3%A8%EB%AF%B8%EB%8A%84-%EB%83%84%EB%B9%84-%EC%9D%BC%EB%B3%B8-%EB%8B%A4%EC%8B%9C%EB%83%84%EB%B9%84-%EC%83%88%EC%83%81%ED%92%88-ek5ntw1udksu/,sseon,"호쿠리쿠 알루미늄 냄비입니다 - 99% 알루미늄으로 제작되어 가볍고 튼튼합니다 - 냄비의 산화를 방지하는 알루마이트 코팅으로 높은 화력에도 잘 눌러붙지 않아요 - 3~4인분의 국이나 찌개 요리에 적당하며, 라면 3개 끓이기에 알맞은 크기입니다 - 직화, 하이라이트 사용 가능합니다 일본 식기류 제품 좋아하시는분이면 좋아하실것 같아요  알루미늄 순도 99프로구요  가볍고 요리하기 좋아요  냄비밥 국 찌개 다 가능합니다  사이즈는 중사이즈 입니다 새상품이에요^^",14
(새상품)모던로브 브러쉬 헤어 하프 코트자켓,"78,000원",대전 서구 둔산동,끌올 3시간 전,판매중,https://www.daangn.com/kr/buy-sell/%EC%83%88%EC%83%81%ED%92%88-%EB%AA%A8%EB%8D%98%EB%A1%9C%EB%B8%8C-%EB%B8%8C%EB%9F%AC%EC%89%AC-%ED%97%A4%EC%96%B4-%ED%95%98%ED%94%84-%EC%BD%94%ED%8A%B8%EC%9E%90%EC%BC%93-mx7sqv18tox9/,Suk2,"새상품, 옷이 많아 팔아요 구매가: 131,000원 —————————————————————————— 택배 +3,500원 계좌이체 ❌ 당근페이만!! (계좌번호 공개 안 해요!) 직거래시 비대면 거래로 집 앞 소화전, 당근페이 받은 후 상세 주소 알려드려요. 주소 알려드렸는데 잠수타시거나, 수거 후 에눌 요구하시는 경우가 있어서 참고부탁드립니다🥹🥲",12
(새상품)주드 블루밍 원피스,"30,000원",대전 서구 둔산동,끌올 3시간 전,판매중,https://www.daangn.com/kr/buy-sell/%EC%83%88%EC%83%81%ED%92%88-%EC%A3%BC%EB%93%9C-%EB%B8%94%EB%A3%A8%EB%B0%8D-%EC%9B%90%ED%94%BC%EC%8A%A4-rbasnb8cv6tp/,Suk2,"새상품, 옷이 많아 팔아요 구매가: 38,000원 —————————————————————————— 택배 +3,500원(반값택배는 +2,000원) 계좌이체 ❌ 당근페이만!! (계좌번호 공개 안 해요!) 직거래시 비대면 거래로 집 앞 소화전, 당근페이 받은 후 상세 주소 알려드려요. 주소 알려드렸는데 잠수타시거나, 수거 후 에눌 요구하시는 경우가 있어서 참고부탁드립니다🥹🥲",11
피커스 푸밀라(푸미라) 문라이트,"5,000원",대전 서구 둔산동,3시간 전,판매중,https://www.daangn.com/kr/buy-sell/%ED%94%BC%EC%BB%A4%EC%8A%A4-%ED%91%B8%EB%B0%80%EB%9D%BC-%ED%91%B8%EB%AF%B8%EB%9D%BC-%EB%AC%B8%EB%9D%BC%EC%9D%B4%ED%8A%B8-dhh28puzwhwp/,딩가,"작은 잎의 안쪽은 연두색, 테두리는 짙은 녹색으로 그린 것 같은 무늬가 특징이에요. 물을 좋아하고, 반그늘에서도 잘 자라지만 밝은 간접광에서 무늬발현이 더 잘 돼요. 화분 : 지름 10cm",9
CGV 영화 관람권,"10,000원",세종시 도담동,끌올 3시간 전,판매중,https://www.daangn.com/kr/buy-sell/cgv-%EC%98%81%ED%99%94-%EA%B4%80%EB%9E%8C%EA%B6%8C-6nnfsdvqikbo/,이박사,"CGV 영화 관람권  26.02.28 까지. 주중, 주말 모두 사용가능합니다. 필요하신 분 챗 주세요~^^",5
삼성 M7 32인치 삼탠바이미,"290,000원",대전 서구 괴정동,끌올 3시간 전,판매중,https://www.daangn.com/kr/buy-sell/%EC%82%BC%EC%84%B1-m7-32%EC%9D%B8%EC%B9%98-%EC%82%BC%ED%83%A0%EB%B0%94%EC%9D%B4%EB%AF%B8-x1e6ietxgiuy/,쩌는웅니,"삼성 스마트 모니터 M7 32인치와 삼탠바이미 스탠드입니다 사진처럼 화면 잘 나오고, 리모컨도 포함되어 있습니다 넷플릭스, 유튜브 등 다양한 OTT 서비스를 바로 즐길 수 있어 편리합니다",7
마스터바니 골프 바람막이,"85,000원",충북 청주시 흥덕구 송절동,끌올 3시간 전,판매중,https://www.daangn.com/kr/buy-sell/%EB%A7%88%EC%8A%A4%ED%84%B0%EB%B0%94%EB%8B%88-%EA%B3%A8%ED%94%84-%EB%B0%94%EB%9E%8C%EB%A7%89%EC%9D%B4-n18drzdw7y3y/,5창댁,"마스터바니 골프 바람막이 90사이즈 상의 55-66가능(저는 보통 스몰, 85 입는데 이 옷은 90사이즈가 잘맞았어요) 살에 닿는 느낌이 좋은 찰랑거리고 가벼운 바람막이에요 지금 계절이나 봄에 좋아요! 딱 두번입어 상태 아주좋아요! 그래도 운동할때 입은 옷이라 **골프 장갑 때문에 왼손 소매 끝에만 보풀이 좀 있습니다(사진첨부)** 예민하신분들은 피해주세요^^ 교환 환불 안됩니다~!",10
룰루레몬 Wunder Train HR 레깅스 S 새상품,"65,000원",충북 청주시 흥덕구 송절동,끌올 3시간 전,판매중,https://www.daangn.com/kr/buy-sell/%EB%A3%B0%EB%A3%A8%EB%A0%88%EB%AA%AC-wunder-train-hr-%EB%A0%88%EA%B9%85%EC%8A%A4-s-%EC%83%88%EC%83%81%ED%92%88-5ydq6zgutnwh/,5창댁,"룰루레몬 Wunder Train High-Rise 24 레깅스입니다 부드러운 Everlux™ 원단으로 제작되어 땀을 빠르게 흡수하고 통기성이 좋습니다 쫀쫀한 지지력으로 운동할 때 편안하게 움직일 수 있습니다 라벤더 색상이고, 사이즈는 S입니다 Asia Fit으로 나왔습니다 정가는 138000원입니다",9
"룰루레몬 Align HR 24"" 레깅스","80,000원",충북 청주시 흥덕구 송절동,끌올 3시간 전,판매중,https://www.daangn.com/kr/buy-sell/%EB%A3%B0%EB%A3%A8%EB%A0%88%EB%AA%AC-align-hr-24-%EB%A0%88%EA%B9%85%EC%8A%A4-jhi1souacv63/,5창댁,"룰루레몬 Align HR Pant 24"" 포켓 레깅스 S사이즈 얼라인 워낙 편하고..  텍 안뗀 새상품이에요 안입은것같이 좋아요 여러개라 안입게되서 판매합니다~",6
"룰루레몬 InStill HR Tight 24"" XS","75,000원",충북 청주시 흥덕구 송절동,끌올 3시간 전,판매중,https://www.daangn.com/kr/buy-sell/%EB%A3%B0%EB%A3%A8%EB%A0%88%EB%AA%AC-instill-hr-tight-24-xs-pdpbvox2vy9z/,5창댁,룰루레몬 인스틸 레깅스 텍있는 새상품이에요 세가지색 갖고있을만큼 좋은 레깅스인데 보관만하다가 판매합니다 얼라인만큼 신축성 좋은 레깅스는 아니지만 원단이며 착용감이며 다 좋아서 저는 얼라인이랑 같은사이즈로 입어요(163-53키로) 무엇보다도 얼라인에비해 아주아주 체형 보정력이 좋습니다 근데 불편하지않아요 룰루니까요 특히 골반라인!! 예뻐보이게하는 라인이에요 골반에 커브라인이 있어요,7
instax mini11 블러쉬 핑크 새상품,"100,000원",대전 서구 둔산동,3시간 전,판매중,https://www.daangn.com/kr/buy-sell/instax-mini11-%EB%B8%94%EB%9F%AC%EC%89%AC-%ED%95%91%ED%81%AC-%EC%83%88%EC%83%81%ED%92%88-9a241cm5oape/,이웃집토박이,"후지필름 인스탁스 미니11 블러쉬 핑크 새상품입니다 - 가볍고 사용하기 쉬운 즉석카메라입니다 - 자동 노출 기능으로 어떤 환경에서도 선명한 사진을 얻을 수 있습니다 - 셀피 모드로 간편하게 셀카를 찍을 수 있습니다 박스, 카메라 본체, AA 배터리 2개 포함되어 있습니다 사진찍으려고 처음 박스 뜯어봤어요 완전 새상품입니다",7
(미개봉) 스타벅스 미니어처 텀블러 키링 핑크 판매,"25,000원",대전 서구 둔산동,끌올 3시간 전,판매중,https://www.daangn.com/kr/buy-sell/%EB%AF%B8%EA%B0%9C%EB%B4%89-%EC%8A%A4%ED%83%80%EB%B2%85%EC%8A%A4-%EB%AF%B8%EB%8B%88%EC%96%B4%EC%B2%98-%ED%85%80%EB%B8%94%EB%9F%AC-%ED%82%A4%EB%A7%81-%ED%95%91%ED%81%AC-%ED%8C%90%EB%A7%A4-o1vgfchq1w9b/,jj,"스타벅스 미니어처 텀블러 키링 핑크 판매 새상품  하자있는지 확인만 함 개당 26,000원  미개봉 화이트까지 2개 일괄 구매시 50000원 가능!",6
깡총핑 서프라이즈 박스1,"5,000원",대전 서구 둔산동,끌올 3시간 전,판매중,https://www.daangn.com/kr/buy-sell/%EA%B9%A1%EC%B4%9D%ED%95%91-%EC%84%9C%ED%94%84%EB%9D%BC%EC%9D%B4%EC%A6%88-%EB%B0%95%EC%8A%A41-tsj4tpg8hnfy/,jj,깡총핑 확인만 하고 박스 그대로 보관중이라 미개봉 가능합니다  - 당근페이 부탁드려요  - 교환× 환불×,6
고세핸드백 어바웃 숄더백 크림화이트,"10,000원",대전 서구 둔산동,끌올 3시간 전,판매중,https://www.daangn.com/kr/buy-sell/%EA%B3%A0%EC%84%B8%ED%95%B8%EB%93%9C%EB%B0%B1-%EC%96%B4%EB%B0%94%EC%9B%83-%EC%88%84%EB%8D%94%EB%B0%B1-%ED%81%AC%EB%A6%BC%ED%99%94%EC%9D%B4%ED%8A%B8-3xi9m9sg9pi7/,jj,스크래치에 강해서 편하게 들고 다니기 좋아요  하자 딱히 없습니다!  직거래/당근페이 부탁드려용,7
린백 LB112S 접이식 메쉬 의자,"20,000원",대전 서구 둔산동,3시간 전,판매중,https://www.daangn.com/kr/buy-sell/%EB%A6%B0%EB%B0%B1-lb112s-%EC%A0%91%EC%9D%B4%EC%8B%9D-%EB%A9%94%EC%89%AC-%EC%9D%98%EC%9E%90-uarhjkqgg4ge/,고니,"린백 LB112S 접이식 메쉬 의자입니다. 공간 활용에 용이한 접이식 디자인입니다 1년 미만 의자 위에 방석을 깔고 사용해서 깨끗합니다. 당시 45,000원 정도에 구매했는데 2만 원에 판매합니다. 사정상 2/12(목)~ 2/13(금) 14시까지 판매합니다. 둔산동으로 직접 가지러 오셔야 합니다.",7
디즈니 랏쏘 우주복 90 사이즈(+가방포함),"35,000원",대전 서구 도안동,끌올 3시간 전,판매중,https://www.daangn.com/kr/buy-sell/%EB%94%94%EC%A6%88%EB%8B%88-%EB%9E%8F%EC%8F%98-%EC%9A%B0%EC%A3%BC%EB%B3%B5-90-%EC%82%AC%EC%9D%B4%EC%A6%88-%EA%B0%80%EB%B0%A9%ED%8F%AC%ED%95%A8-1en9oa8qeie9/,큐르루,"아가방 디즈니 랏쏘 캐릭터 우주복입니다 입히면 진짜 따뜻하고 너무너무 귀여워요 모자씌우면 미친 귀여움이에요ㅎㅎ 신세계백화점에서 디즈니  팝업했을때 샀어요^^ 사이즈는 90이구요(24개월 이하) 이염없고 상태 좋아요 가방 포함입니다 가방만 4만원, 옷은 9만원 정도 주고 산거에요 ✨️가격제안 안받구요. 비대면 문고리 거래 원해요. ✨️선입금시 상세주소 알려드립니다. ✨️당근페이 합니다. ✨️교환, 환불 불가능합니다.",9
애견 옷 6벌 일괄,"8,000원",대전 서구 둔산동,끌올 3시간 전,판매중,https://www.daangn.com/kr/buy-sell/%EC%95%A0%EA%B2%AC-%EC%98%B7-6%EB%B2%8C-%EC%9D%BC%EA%B4%84-gkb7kto3bx6s/,Gom,사이즈 M×1 사이즈 Lx4 사이즈 XL×1 상태 A급이예요,14
울트라맨 TCG 국내 정식발매 팝니다 .,"60,000원",대전 서구 둔산동,끌올 3시간 전,판매중,https://www.daangn.com/kr/buy-sell/%EC%9A%B8%ED%8A%B8%EB%9D%BC%EB%A7%A8-tcg-%EA%B5%AD%EB%82%B4-%EC%A0%95%EC%8B%9D%EB%B0%9C%EB%A7%A4-%ED%8C%9D%EB%8B%88%EB%8B%A4-nmtcou1qj2dt/,과소비가원인이다,- 구성품 내용 및 상태        . 울트라맨 TCG 국내 정식 발매판 입니다.     . 첫 발매팩 BP03 및 BP01 구성이며       단순 콜렉션 위해서 구매 했습니다 .     . 그외 스타터덱 sd01 및 sd02 있으며 세부       보유 현황은 너무 길어 생략 합니다.     . BP03 부스터 박스 5박스       BP01 부스터 박스 2박스 깡 분량입니다.     . 그외 공식 카드 슬리브 덱박스 일괄 드립니다.,6
청정원 선물세트(2세트),"55,000원",대전 서구 둔산동,끌올 3시간 전,판매중,https://www.daangn.com/kr/buy-sell/%EC%B2%AD%EC%A0%95%EC%9B%90-%EC%84%A0%EB%AC%BC%EC%84%B8%ED%8A%B8-2%EC%84%B8%ED%8A%B8-czin17ytemgo/,초코짱,두세트 가격입니다 소비기한은 제품마다 상이하며 여유있습니다.,8
기아 타이어 모빌리티 키트,"15,000원",대전 서구 둔산동,3시간 전,판매중,https://www.daangn.com/kr/buy-sell/%EA%B8%B0%EC%95%84-%ED%83%80%EC%9D%B4%EC%96%B4-%EB%AA%A8%EB%B9%8C%EB%A6%AC%ED%8B%B0-%ED%82%A4%ED%8A%B8-4a8fqmm9tnsd/,멋쟁이10,기아 타이어 모빌리티 키트입니다 - 공기 주입기 포함되어 있습니다 - 케이스에 보관되어 있습니다 - 약간의 사용감 있습니다,6
기모 바지 M사이즈 55사이즈 버건디,"5,000원",대전 서구 둔산동,끌올 3시간 전,판매중,https://www.daangn.com/kr/buy-sell/%EA%B8%B0%EB%AA%A8-%EB%B0%94%EC%A7%80-m%EC%82%AC%EC%9D%B4%EC%A6%88-55%EC%82%AC%EC%9D%B4%EC%A6%88-%EB%B2%84%EA%B1%B4%EB%94%94-i1xandk941zx/,득템할사람,"기모 바지입니다 색상은 버건디이고, 사이즈는 M입니다 55사이즈 정도 됩니다 안감은 기모로 되어있어 따뜻하게 입을 수 있습니다 ¥당근페이 가능 하며 입금순입니다 €미리 예약 부탁 드리면 감사해요  £에눌은 힘들구요 교환 환불은 어려워요~~^^  ¤샘머리아파트 입니다",7
코러스 라벨프린터 CR-1246AD,"68,000원",대전 유성구 원신흥동,끌올 3시간 전,판매중,https://www.daangn.com/kr/buy-sell/%EC%BD%94%EB%9F%AC%EC%8A%A4-%EB%9D%BC%EB%B2%A8%ED%94%84%EB%A6%B0%ED%84%B0-cr-1246ad-xg9u44vkjrix/,나야,코러스라벨프린터 상태 최상 바코드라벨 상품라벨 QR라벨 다 출력 가능합니다 노잉크 스티커라 종이 스티커만 끼워서 쓰시면 됩니다 아주 간편해요 50*40 노잉크 종이스티커 2롤 함께 드립니다,10
헤지스 H20 로고장식 토트백 라지 베이지(거의새상품),"95,000원",대전 서구 둔산동,끌올 3시간 전,판매중,https://www.daangn.com/kr/buy-sell/%ED%97%A4%EC%A7%80%EC%8A%A4-h20-%EB%A1%9C%EA%B3%A0%EC%9E%A5%EC%8B%9D-%ED%86%A0%ED%8A%B8%EB%B0%B1-%EB%9D%BC%EC%A7%80-%EB%B2%A0%EC%9D%B4%EC%A7%80-%EA%B1%B0%EC%9D%98%EC%83%88%EC%83%81%ED%92%88-spxyr5733urx/,봄날의꿈79,"헤지스 H20 로고장식 토트백 라지 베이지 색상입니다 정가는 328,000원이며, 현재 215,000원에 판매되고 있는 제품이에요 클래식한 디자인에 H 로고 장식이 포인트로 들어가 있어요 A4 용지 사이즈의 소지품 수납이 가능하여 실용적입니다 숄더 스트랩이 있어 숄더백으로도 활용 가능합니다 딱 3번 들고 출근한게 다에요 ㅠㅠ 거의 새상품 스타일이 좀 안맞는거 같아서 내놓습니다.  더스트백. 개런티카드 다 포함되어있어요.",7
더스크랙 중량봉 팝니다,"35,000원",대전 중구 태평동,끌올 3시간 전,판매중,https://www.daangn.com/kr/buy-sell/%EB%8D%94%EC%8A%A4%ED%81%AC%EB%9E%99-%EC%A4%91%EB%9F%89%EB%B4%89-%ED%8C%9D%EB%8B%88%EB%8B%A4-ea3b2r18bat2/,비흡연자입니다,길이 2200mm 무게 20kg 사용감 많습니다,7
베논바이브 가래제거기팝니다,"10,000원",대전 중구 태평동,끌올 3시간 전,판매중,https://www.daangn.com/kr/buy-sell/%EB%B2%A0%EB%85%BC%EB%B0%94%EC%9D%B4%EB%B8%8C-%EA%B0%80%EB%9E%98%EC%A0%9C%EA%B1%B0%EA%B8%B0%ED%8C%9D%EB%8B%88%EB%8B%A4-uj6no6zdmd9o/,비흡연자입니다,21년도에 구입해서 한두번 불어보다 효과를 보지못해 보관만 하고 있었습니다 이번에 서랍정리하다가 발견돼 판매합니다 다른 구성품은 구입할때 처럼 다 있습니다. 가격제안 받습니다,6
갤럭시s24 울트라 신지모루 강화유리 팝니나,"4,000원",대전 중구 태평동,끌올 3시간 전,판매중,https://www.daangn.com/kr/buy-sell/%EA%B0%A4%EB%9F%AD%EC%8B%9Cs24-%EC%9A%B8%ED%8A%B8%EB%9D%BC-%EC%8B%A0%EC%A7%80%EB%AA%A8%EB%A3%A8-%EA%B0%95%ED%99%94%EC%9C%A0%EB%A6%AC-%ED%8C%9D%EB%8B%88%EB%82%98-k7rzf1d9zg6q/,비흡연자입니다,한장은 제가 쓰고 나머지 한장은 팝니다 구성품은 다 있습니다,5
갤럭시 S20 5G 화이트 128GB 판매합니다,"130,000원",대전 서구 둔산동,3시간 전,판매중,https://www.daangn.com/kr/buy-sell/%EA%B0%A4%EB%9F%AD%EC%8B%9C-s20-5g-%ED%99%94%EC%9D%B4%ED%8A%B8-128gb-%ED%8C%90%EB%A7%A4%ED%95%A9%EB%8B%88%EB%8B%A4-tmopvdmcg2zc/,둥둥,갤럭시 S20 5G 화이트 색상 판매합니다 상태는 사진과 같습니다 - 얇고 가벼운 디자인으로 휴대성이 좋습니다 - 삼성페이를 지원하여 편리하게 결제할 수 있습니다 사진에나와있는그대로 약잔상빼고 나머지깨끗합니다~ 네고는죄송합니다 대신제가가져다드려요,10
스타벅스 체리블라썸 콜드컵 473ml,"6,500원",전북 전주시 완산구 태평동,끌올 3시간 전,판매중,https://www.daangn.com/kr/buy-sell/%EC%8A%A4%ED%83%80%EB%B2%85%EC%8A%A4-%EC%B2%B4%EB%A6%AC%EB%B8%94%EB%9D%BC%EC%8D%B8-%EC%BD%9C%EB%93%9C%EC%BB%B5-473ml-k333xdptii7k/,너울해,스타벅스 체리블라썸 콜드컵입니다 용량은 473ml입니다. 선물받았는데 예뻐서 사용안하고 보관만 했어요. 안쓰는 텀블러 처분 중이라 내놓습니다.,7
김호중 A LIFE 앨범,"2,000원",대전 서구 둔산동,끌올 3시간 전,판매중,https://www.daangn.com/kr/buy-sell/%EA%B9%80%ED%98%B8%EC%A4%91-a-life-%EC%95%A8%EB%B2%94-h9an6yjjmgc4/,나무처럼,김호중 A LIFE 앨범입니다 사용안한 새 CD 입니다,7
테일러메이드 스텔스 드라이버 & 우드,"170,000원",대전 서구 둔산동,끌올 3시간 전,판매중,https://www.daangn.com/kr/buy-sell/%ED%85%8C%EC%9D%BC%EB%9F%AC%EB%A9%94%EC%9D%B4%EB%93%9C-%EC%8A%A4%ED%85%94%EC%8A%A4-%EB%93%9C%EB%9D%BC%EC%9D%B4%EB%B2%84-%EC%9A%B0%EB%93%9C-zmxfwchywq8j/,당근대장,"테일러메이드 스텔스 드라이버와 우드 세트입니다 드라이버는 10.5도이고, 우드는 5번 우드입니다 샤프트는 TM 50 FLEX-SR입니다 드라이버와 우드 모두 카본 페이스로 비거리 증가에 효과적입니다 드라이버 ㅡ  25만원 우드 ㅡ   17만원  일괄ㅡ   40 만원 시타가능   010  4646  8108",10
타이틀리스트 U505 드라이빙 아이언 3번,"299,000원",대전 서구 둔산동,끌올 3시간 전,판매중,https://www.daangn.com/kr/buy-sell/%ED%83%80%EC%9D%B4%ED%8B%80%EB%A6%AC%EC%8A%A4%ED%8A%B8-u505-%EB%93%9C%EB%9D%BC%EC%9D%B4%EB%B9%99-%EC%95%84%EC%9D%B4%EC%96%B8-3%EB%B2%88-mrhe569qourh/,당근대장,"타이틀리스트 U505 드라이빙 아이언 3번입니다 약간의 사용감은 있지만, 전체적으로 A급 상태입니다 - 높은 런치각과 긴 비거리를 제공합니다 - 관용성이 좋습니다 010  4646  8108",12
핑 G430 아이언세트 AWT 2.0 LITE +52 56 교환도 가능,"799,000원",대전 서구 둔산동,끌올 3시간 전,판매중,https://www.daangn.com/kr/buy-sell/%ED%95%91-g430-%EC%95%84%EC%9D%B4%EC%96%B8%EC%84%B8%ED%8A%B8-awt-2-0-lite-52-56-%EA%B5%90%ED%99%98%EB%8F%84-%EA%B0%80%EB%8A%A5-nbe2rpj8cjvv/,당근대장,"핑 G430 아이언 세트입니다 상태 좋습니다 5번부터 9번, W(웨지), 52도, 56도 웨지 구성입니다 웨지 세트는  g430세트 웨지보다  더 비싼  상위 웨지 입니다 5~p AWT 2.0 LITE 샤프트  52 56  ns pro 950  G430 아이언은 뛰어난 비거리와 관용성을 제공합니다 - 안정적인 임팩트 - 향상된 타구감 010 4646  8108   전화주시고 쿨거래시  쿨네고  g430  드라이버  ㆍ우드ㆍ유틸ㆍ 핑   퍼터ㆍ캐디백    별도  구입가능합니다  올  핑골프로  구성해서  사용했습니다",10
고반발 여성 골프 드라이버 우드유틸 세트 교환가능,"299,000원",대전 서구 둔산동,끌올 3시간 전,판매중,https://www.daangn.com/kr/buy-sell/%EA%B3%A0%EB%B0%98%EB%B0%9C-%EC%97%AC%EC%84%B1-%EA%B3%A8%ED%94%84-%EB%93%9C%EB%9D%BC%EC%9D%B4%EB%B2%84-%EC%9A%B0%EB%93%9C%EC%9C%A0%ED%8B%B8-%EC%84%B8%ED%8A%B8-%EA%B5%90%ED%99%98%EA%B0%80%EB%8A%A5-vhqzwhoxeer8/,당근대장,"GRAND PRIX Plus 25 드라이버, 우드, 유틸리티 세트입니다 Mitsubishi Rayon FLEX-L 샤프트가 장착되어 있고 Made in Japan 제품입니다 고반발 입니다       구입당시 신품가는  200만원이  넘었습니다  정품ㆍ국내as가능ㆍ 교환ㆍ시타가능 드라이버 ㆍ우드ㆍ유틸 ㅡ일괄가격입니다  드라이버 ㅡ   18 우드  ㅡ13   유틸 ㅡ  12 일괄  43만원ㅡ>>>299000원  전화주시고  쿨거래시  쿨네고  해드립니다  010 4646  8108",10
테일러메이드 여성골프채클럽풀세트,"600,000원",대전 서구 둔산동,끌올 3시간 전,판매중,https://www.daangn.com/kr/buy-sell/%ED%85%8C%EC%9D%BC%EB%9F%AC%EB%A9%94%EC%9D%B4%EB%93%9C-%EC%97%AC%EC%84%B1%EA%B3%A8%ED%94%84%EC%B1%84%ED%81%B4%EB%9F%BD%ED%92%80%EC%84%B8%ED%8A%B8-oysiaf7btoxd/,당근대장,테일러메이드   여성 골프세트 입니다 드라이버   우드  유틸  아이언 6789ps 퍼터  캐디백   모두  테일러메이드 정품입니다  가볍고  헤드솔 커서  초보부터 중급까지 사용가능합니다     실사용 많지 않아 사진보다 깨끗하고  그립도  그대로 사용가능합니다   캐디백 사진 보심 아시겠지만  색바램  있습니다  사용상 문제있을 정도는 아니에요   캐디백 보시고  필요없으심  쿨 네고 해드립니다  010  4646  8108,11
닥터플러스 DPF-102 발 종아리마사지기 판매합니다,"60,000원",충남 아산시 배방읍,끌올 3시간 전,판매중,https://www.daangn.com/kr/buy-sell/%EB%8B%A5%ED%84%B0%ED%94%8C%EB%9F%AC%EC%8A%A4-dpf-102-%EB%B0%9C-%EC%A2%85%EC%95%84%EB%A6%AC%EB%A7%88%EC%82%AC%EC%A7%80%EA%B8%B0-%ED%8C%90%EB%A7%A4%ED%95%A9%EB%8B%88%EB%8B%A4-hcytx8qq5wnp/,효대장,"발,종아리 마사지기 판매해요 구매한지는 꽤되었는데 사용은 많이 안했어요. 지금은 단종된거 같아요.  리모컨도 같이 있어요. 쿠팡 검색해보니 DPF-101제품이 판매하는데 기능이 같은거 같고 요건 각도 조절이 어렵습니다. 필요하신분 연락 주세요 교환, 환불 어렵고 문고리 거래로 가지러 오셔야 합니다! 둔산동 향촌아파트 입니다.",8
메종키츠네 더블폭스 🥕🥕,"63,000원",대전 서구 관저1동,끌올 3시간 전,판매중,https://www.daangn.com/kr/buy-sell/%EB%A9%94%EC%A2%85%ED%82%A4%EC%B8%A0%EB%84%A4-%EB%8D%94%EB%B8%94%ED%8F%AD%EC%8A%A4-fza1cey7ykmh/,출발,메종키츠네 더블 폭스 맨투맨 블랙 색상 새 제품입니다! - 부드러운 면 소재로 제작되어 착용감이 매우 좋습니다 - 편안하게 입을 수 있는 스타일입니다 - 더블 폭스 패치가 포인트입니다 L 1 - 105 XL1 - 110 재입고 없음 직거래 신탄진 택배 3500,7
메종키츠네 더블폭스 🥕🥕🥕🥕,"63,000원",대전 서구 관저1동,끌올 3시간 전,판매중,https://www.daangn.com/kr/buy-sell/%EB%A9%94%EC%A2%85%ED%82%A4%EC%B8%A0%EB%84%A4-%EB%8D%94%EB%B8%94%ED%8F%AD%EC%8A%A4-z33623bqv8kp/,출발,메종키츠네의 더블 폭스 맨투맨  화이트 색상으로 어떤 스타일에도 잘 어울립니다 부드러운 면 소재로 제작되어 편안하게 착용할 수 있습니다 M 1 - 100 L  1 - 105 XL1 - 110 직거래 신탄진 택배 3500,7
브라운 ThermoScan 5 귀체온계 IRT6510 새상품,"60,000원",대전 서구 둔산동,3시간 전,판매중,https://www.daangn.com/kr/buy-sell/%EB%B8%8C%EB%9D%BC%EC%9A%B4-thermoscan-5-%EA%B7%80%EC%B2%B4%EC%98%A8%EA%B3%84-irt6510-%EC%83%88%EC%83%81%ED%92%88-bc1vofg61xvk/,이당그니,"브라운 ThermoScan 5 귀체온계 IRT6510 새상품입니다 - 전문적인 기술력으로 매번 정확한 판독이 가능합니다 - 빠르고 부드러운 사용이 가능합니다 - 유아, 소아 및 성인에게 사용이 가능합니다",6
애플워치8 45mm 블랙,"210,000원",대전 서구 둔산동,끌올 3시간 전,판매중,https://www.daangn.com/kr/buy-sell/%EC%95%A0%ED%94%8C%EC%9B%8C%EC%B9%988-45mm-%EB%B8%94%EB%9E%99-ocyr24r6874g/,물먹는하마,애플워치8 45mm블랙 GPS 모델 판매합니다 - 정품충전기있고 기본스트랩 외에추가스트랩3개 케이스4개 액정필름1개드립니다 - 상태는케이스와 필름끼고다녀서 매우좋습니다 - 배터리 성능은 84%입니다,13
(미개봉) 반프레스토 드래곤볼 MATCH MAKERS 베지터,"20,000원",대전 서구 둔산동,끌올 3시간 전,판매중,https://www.daangn.com/kr/buy-sell/%EB%AF%B8%EA%B0%9C%EB%B4%89-%EB%B0%98%ED%94%84%EB%A0%88%EC%8A%A4%ED%86%A0-%EB%93%9C%EB%9E%98%EA%B3%A4%EB%B3%BC-match-makers-%EB%B2%A0%EC%A7%80%ED%84%B0-44mbr27emjsc/,치킨마요계란추가,"미개봉 반프레스토 마인 베지터 피규어입니다. 드래곤볼 Z MATCH MAKERS 시리즈 제품입니다. 정품, 미개봉입니다 * 네고 사양합니다 * 피규어 특성상 공정상의 공뎀과 도색 미스, 유격 등의 현상이 있을 수 있습니다. 미개봉의 피규어의 경우 확인이 불가하여 교환과 환불이 불가능한 점 양해 바랍니다. * 수입과정에서 생기는 박스 찌그러짐, 찍힘 등은 하자로 여기지 않는 점 참고 부탁드립니다. * 입금 후, 환불 불가입니다! 구매 전 신중히 생각해 보시고 연락 주시기 바랍니다!",5
삼성 갤럭시 와이드8 라이트그린,"240,000원",대전 서구 둔산동,끌올 3시간 전,판매중,https://www.daangn.com/kr/buy-sell/%EC%82%BC%EC%84%B1-%EA%B0%A4%EB%9F%AD%EC%8B%9C-%EC%99%80%EC%9D%B4%EB%93%9C8-%EB%9D%BC%EC%9D%B4%ED%8A%B8%EA%B7%B8%EB%A6%B0-2wgireymcbo4/,레인첵,"판매목적으로 보유했기 때문에, 실사용은 거의 없습니다.구매 죽시 케이스랑 필름 붙이고 간간히 할당된 통화만 채웠습니다. 현재는 공장초기화 상태입니다. 충전기도 같이 드립니다. 충전선도 삼성거 거의 안쓴거 드립니다.",8
나이키 gts97 270mm,"32,000원",대전 서구 둔산동,끌올 3시간 전,판매중,https://www.daangn.com/kr/buy-sell/%EB%82%98%EC%9D%B4%ED%82%A4-gts97-270mm-pdj7cw2xg9wk/,둔산동쿨가이,좀 크게나와서 꽉끈하고 다녔어요 빨래는 해야돼서 싸게 내놔요 밑창 보면 알겠지만 많이 안신었어요 여름에 반바지나 쇼츠에 신으면 이쁩니다 쿨거 비대면,9
렌지대,"10,000원",대전 서구 둔산동,3시간 전,판매중,https://www.daangn.com/kr/buy-sell/%EB%A0%8C%EC%A7%80%EB%8C%80-k1p3dhixv3gq/,구리구리,직접 가져가셔야해요~,6
도프제이슨 카우하이드 싱글 가죽 자켓,"120,000원",대전 서구 둔산동,3시간 전,판매중,https://www.daangn.com/kr/buy-sell/%EB%8F%84%ED%94%84%EC%A0%9C%EC%9D%B4%EC%8A%A8-%EC%B9%B4%EC%9A%B0%ED%95%98%EC%9D%B4%EB%93%9C-%EC%8B%B1%EA%B8%80-%EA%B0%80%EC%A3%BD-%EC%9E%90%EC%BC%93-fjdjf8ngzefr/,둔산동JK,도프제이슨 카우하이드 싱글 가죽 자켓입니다 사이즈는 이미지 참고 부탁드립니다 - L 사이즈이며 100~105 정도 됩니다 - 실착 4회한 신품급 상태 입니다 - 정가대비 워낙 저렴하게 판매하기에 네고는 정중히 사양합니다^^,7
버터플라이 탁구 가방,"30,000원",대전 서구 둔산동,끌올 3시간 전,판매중,https://www.daangn.com/kr/buy-sell/%EB%B2%84%ED%84%B0%ED%94%8C%EB%9D%BC%EC%9D%B4-%ED%83%81%EA%B5%AC-%EA%B0%80%EB%B0%A9-utwz6bkii886/,캐럿당근,"버터플라이 탁구 가방입니다 파란색, 검은색, 흰색 조합으로 디자인되어 있습니다 어깨끈이 있어서 휴대하기 편리합니다",5
EPOS 로봇 & 삼성 갤럭시탭A SM-T280,"200,000원",대전 서구 둔산동,끌올 3시간 전,판매중,https://www.daangn.com/kr/buy-sell/epos-%EB%A1%9C%EB%B4%87-%EC%82%BC%EC%84%B1-%EA%B0%A4%EB%9F%AD%EC%8B%9C%ED%83%ADa-sm-t280-vodb8k87awk2/,캐럿당근,"EPOR·S Educational Programming Oriented Robot·S와 삼성 갤럭시탭A SM-T280입니다 로봇은 Made in Korea, XBOT Co 제품입니다 갤럭시탭A는 177.7 mm, 16GB, Wi-Fi 모델입니다",8
Aidata Econo Mobile CPU 스탠드 CS002M,"5,000원",대전 서구 둔산동,끌올 3시간 전,판매중,https://www.daangn.com/kr/buy-sell/aidata-econo-mobile-cpu-%EC%8A%A4%ED%83%A0%EB%93%9C-cs002m-ddah94sg1v9p/,캐럿당근,"Aidata Econo Mobile CPU 스탠드 CS002M입니다 - 폭 조절이 가능하여 다양한 CPU에 맞게 사용 가능합니다 (150~260mm) - 바퀴가 달려있어 이동이 편리하고, 브레이크가 장착되어 안정적입니다 - 플라스틱 재질로 튼튼하게 제작되었습니다",6
왕의 재정 1권 100쇄 기념 리커버 에디션 새책,"8,000원",대전 서구 둔산동,끌올 3시간 전,판매중,https://www.daangn.com/kr/buy-sell/%EC%99%95%EC%9D%98-%EC%9E%AC%EC%A0%95-1%EA%B6%8C-100%EC%87%84-%EA%B8%B0%EB%85%90-%EB%A6%AC%EC%BB%A4%EB%B2%84-%EC%97%90%EB%94%94%EC%85%98-%EC%83%88%EC%B1%85-764784ovcswn/,캐럿당근,"김미진 지음, 홍성건 감수 '왕의 재정 1' 100쇄 기념 리커버 에디션입니다. 책은 새책과 다름없는 깨끗한 상태입니다. 이 책은 재정의 원리를 성경적 관점에서 풀어내어 독자들이 재정적인 자유를 얻도록 돕는 기독교 재정 서적입니다. 유튜브 1억 뷰 이상, 왕의 재정학교 1만 8천 명 수강, 국내외 교회 2만 시간 강의 등 김미진 간사의 풍부한 경험과 지식이 담겨 있습니다. 재정적인 어려움을 겪고 있거나 성경적인 재정 원리를 배우고 싶은 분들에게 추천합니다",5
카파맥스 Desk-On 책상 정리함 새제품,"4,000원",대전 서구 둔산동,끌올 3시간 전,판매중,https://www.daangn.com/kr/buy-sell/%EC%B9%B4%ED%8C%8C%EB%A7%A5%EC%8A%A4-desk-on-%EC%B1%85%EC%83%81-%EC%A0%95%EB%A6%AC%ED%95%A8-%EC%83%88%EC%A0%9C%ED%92%88-atj16asn1oc6/,캐럿당근,카파맥스 Desk-On 책상 정리함 새 제품입니다! 책상 위 공간을 효율적으로 활용할 수 있도록 도와줍니다 - 다양한 크기의 칸이 있어 여러 종류의 물품을 정리하기 용이합니다 - 빨강색과 검정색의 조화로 세련된 디자인입니다 - HIPS 재질로 제작되어 튼튼하고 오래 사용할 수 있습니다,6
로지텍 R400 프레젠테이션 리모컨 새상품,"40,000원",대전 서구 둔산동,끌올 3시간 전,판매중,https://www.daangn.com/kr/buy-sell/%EB%A1%9C%EC%A7%80%ED%85%8D-r400-%ED%94%84%EB%A0%88%EC%A0%A0%ED%85%8C%EC%9D%B4%EC%85%98-%EB%A6%AC%EB%AA%A8%EC%BB%A8-%EC%83%88%EC%83%81%ED%92%88-zd5w5c66wkbd/,캐럿당근,로지텍 R400 프레젠테이션 리모컨 새상품입니다 - 15m 무선 거리로 넓은 공간에서도 사용 가능해요 - USB 수신기가 있어서 간편하게 연결할 수 있습니다 - 윈도우와 호환되어 편리하게 사용할 수 있어요,6
디젤 닮은 블랙 벨트,"10,000원",대전 서구 둔산동,3시간 전,판매중,https://www.daangn.com/kr/buy-sell/%EB%94%94%EC%A0%A4-%EB%8B%AE%EC%9D%80-%EB%B8%94%EB%9E%99-%EB%B2%A8%ED%8A%B8-ndezeybc9qwb/,직거래둔산동,"디젤을 닮은 블랙 벨트입니다 버클은 은색이고, 약간의 사용감은 있지만 전체적으로 깨끗합니다",6
사자머리무늬 아이비,"4,000원",대전 서구 둔산동,끌올 3시간 전,판매중,https://www.daangn.com/kr/buy-sell/%EC%82%AC%EC%9E%90%EB%A8%B8%EB%A6%AC%EB%AC%B4%EB%8A%AC-%EC%95%84%EC%9D%B4%EB%B9%84-or8u8tgkscf4/,딩가,만화경 아이비라고도 불리는 사자머리무늬 아이비입니다. 프릴 모양의 잎에 무늬가 있어 독특한 매력이 느껴져요. 화분 : 지름 9cm,8
아기옷,"11,000원",대전 서구 둔산동,끌올 3시간 전,판매중,https://www.daangn.com/kr/buy-sell/%EC%95%84%EA%B8%B0%EC%98%B7-j3wdx9k6ftwc/,콩배,"다해서 15000원입니다 사용감있습니다 24개월 조금 넘어서까지 입을 수 있습니다.  교환,환불X",9
네일 리무버,"1,000원",대전 서구 둔산동,3시간 전,판매중,https://www.daangn.com/kr/buy-sell/%EB%84%A4%EC%9D%BC-%EB%A6%AC%EB%AC%B4%EB%B2%84-pmqm6x7y8mo8/,선인장,1회 사용하여서 거의 새거입니다,6
오디세이 Ai-ONE 트리플 트랙 #7 퍼터 34인치 새제품,"230,000원",대전 중구 오류동,끌올 3시간 전,판매중,https://www.daangn.com/kr/buy-sell/%EC%98%A4%EB%94%94%EC%84%B8%EC%9D%B4-ai-one-%ED%8A%B8%EB%A6%AC%ED%94%8C-%ED%8A%B8%EB%9E%99-7-%ED%8D%BC%ED%84%B0-34%EC%9D%B8%EC%B9%98-%EC%83%88%EC%A0%9C%ED%92%88-83fmhcqtttr8/,김김,"오디세이 Ai-ONE 트리플 트랙 #7 퍼터 34인치 미개봉 새제품입니다 비닐도 뜯지 않은 새상품이며, 헤드커버도 함께 드립니다 Ai-ONE 인서트 기술이 적용되어 볼 스피드의 일관성을 높여주고, 스트로크 일관성에도 도움을 줍니다",8
엔젤 스킨답서스(픽투스),"4,000원",대전 서구 둔산동,3시간 전,판매중,https://www.daangn.com/kr/buy-sell/%EC%97%94%EC%A0%A4-%EC%8A%A4%ED%82%A8%EB%8B%B5%EC%84%9C%EC%8A%A4-%ED%94%BD%ED%88%AC%EC%8A%A4-9428bhnin3dy/,딩가,커다란 실버 무늬 잎이 예쁜 엔젤 스킨답서스입니다. 과습만 주의하면 키우기 쉬운 식물이에요. 화분 : 지름 9cm,9
리프트 테이블,나눔,대전 서구 둔산동,3시간 전,판매중,https://www.daangn.com/kr/buy-sell/%EB%A6%AC%ED%94%84%ED%8A%B8-%ED%85%8C%EC%9D%B4%EB%B8%94-tfh4fymf6un8/,구리구리,엄청 무거워요 두분이서 용달 불러서 가져가셔야합니다 위치는 탄방동 한가람아파트에요,6
다이와 딥존500JP 낚시 릴 미개봉,"470,000원",대전 서구 둔산동,끌올 3시간 전,판매중,https://www.daangn.com/kr/buy-sell/%EB%8B%A4%EC%9D%B4%EC%99%80-%EB%94%A5%EC%A1%B4500jp-%EB%82%9A%EC%8B%9C-%EB%A6%B4-%EB%AF%B8%EA%B0%9C%EB%B4%89-cwzjhvykmbxs/,빛나게,다이와 21 DEEPZONE 500JP 낚시 릴 미개봉  다이와 딥존500JP -정품 보증서 있음 -새 제품 -미개봉 -가격 47만원,6
"다이와 22 시보그 200J, 200J-DH","670,000원",대전 서구 둔산동,끌올 3시간 전,판매중,https://www.daangn.com/kr/buy-sell/%EB%8B%A4%EC%9D%B4%EC%99%80-22-%EC%8B%9C%EB%B3%B4%EA%B7%B8-200j-200j-dh-dfg7m9i9vah6/,빛나게,"22시보그200J,200J-DH 한국다이와정품 보증서 있음 미사용 새제품입니다 가격 67만원",7
요즈리 미니삼봉에기. 에비스미니 에기 90mm 퍼플,"70,000원",대전 서구 둔산동,끌올 3시간 전,판매중,https://www.daangn.com/kr/buy-sell/%EC%9A%94%EC%A6%88%EB%A6%AC-%EB%AF%B8%EB%8B%88%EC%82%BC%EB%B4%89%EC%97%90%EA%B8%B0-%EC%97%90%EB%B9%84%EC%8A%A4%EB%AF%B8%EB%8B%88-%EC%97%90%EA%B8%B0-90mm-%ED%8D%BC%ED%94%8C-xs6fsyhq9brz/,빛나게,요즈리 에비스ッテ미니 에기 10개입 새상품입니다 - 사이즈: 90mm - 색상: KVPU (UV 보라색) 미사용 요즈리 미니삼봉에기  퍼플 A1866-KVPU 10개 미사용 새제품 가격 7만원 낱개 판매 안합니다,6
