title,price,location,time,status,category
고민하다 팔림 ㅅㄱ) 애플펜슬 2세대 S급,"119,000원",대전 유성구 봉명동,끌올 4시간 전,판매중,디지털기기
애플 에어팟 프로 1세대,"50,000원",대전 유성구 봉명동,끌올 3일 전,판매중,디지털기기
애플 매직 키보드 미개봉,"80,000원",대전 유성구 봉명동,끌올 8일 전,판매중,디지털기기
아이패드 에어4 +애플펜슬2,"350,000원",대전 유성구 봉명동,끌올 1일 전,판매중,디지털기기
애플 에어팟4 액티브 노캔 미개봉,"220,000원",대전 유성구 봉명동,끌올 1일 전,판매중,디지털기기
애플 정품 충전기/어댑터 3종 세트 미개봉,"72,000원",대전 유성구 원신흥동,끌올 7일 전,판매중,디지털기기
애플 매직 키보드 새제품,"120,000원",대전 유성구 봉명동,끌올 22일 전,판매중,디지털기기
애플 에어팟 프로 1세대,"70,000원",대전 유성구 봉명동,8일 전,판매중,디지털기기
애플워치 SE2 미개봉 새제품,"250,000원",대전 유성구 봉명동,끌올 5일 전,판매중,디지털기기
M4맥북 에어 13인치 실버 16gb 256gb 애플,"1,200,000원",대전 유성구 봉명동,끌올 8일 전,판매중,디지털기기
[급매] 애플 MagSafe 충전기 미개봉 새상품,"35,000원",대전 서구 괴정동,끌올 7일 전,판매중,디지털기기
애플워치 시리즈 7 45mm,"130,000원",대전 유성구 봉명동,끌올 10일 전,판매중,디지털기기
애플 맥북 충전기 85W 맥세이프2 새상품,"76,000원",서울시 노원구 공릉동,끌올 16일 전,판매중,디지털기기
애플 맥북 프로 14 M4 16GB,"1,700,000원",세종시 반곡동,13일 전,판매중,디지털기기
애플워치 울트라 오션 밴드 네이비 미개봉,"90,000원",대전 유성구 봉명동,끌올 3개월 전,판매중,디지털기기
고장난 애플 에어팟 맥스 실버,"100,000원",대전 유성구 봉명동,끌올 1개월 전,판매중,디지털기기
애플 에어팟 4세대,"185,000원",대전 서구 둔산1동,끌올 10개월 전,판매중,디지털기기
애플펜슬 2세대,"150,000원",대전 유성구 봉명동,8개월 전,판매중,디지털기기
애플워치 SE2 40mm 실버 완전 풀박스 싸게 팝니다,"230,000원",대전 유성구 봉명동,끌올 8일 전,판매중,디지털기기
애플워치4 44미리 스뎅 메인보드입니다 스뎅 메인보드입니다 크라운 작동안합니다 필요하신분 연락주세요,"50,000원",대전 동구 대성동,1년 전,판매중,디지털기기
아이폰 16플러스 애플 정품 케이스,"38,000원",대전 유성구 봉명동,끌올 1개월 전,판매중,디지털기기
애플 매직 트랙패드 화이트(USB C타입) 삽니다,"100,000원",대전 중구 사정동,끌올 7개월 전,판매중,디지털기기
애플 정품 (아이폰 16플러스) 실리콘 케이스,"40,000원",대전 유성구 봉명동,1개월 전,판매중,디지털기기
애플워치 44mm,"150,000원",대전 유성구 봉명동,1년 전,판매중,디지털기기
애플워치 SE 40mm 정품(밴드/충전기 포함),"70,000원",대전 유성구 봉명동,3개월 전,판매중,디지털기기
애플워치 se 40mm,"130,000원",대전 유성구 봉명동,끌올 8개월 전,판매중,디지털기기
애플워치4 셀룰러 판매합니다.,"70,000원",대전 유성구 봉명동,끌올 4개월 전,판매중,디지털기기
애플 비츠 솔로 프로,"95,000원",서울시 마포구 상암동,끌올 10개월 전,판매중,디지털기기
레드빈p1 pro 맥세이프 애플워치호환,"70,000원",대전 유성구 봉명동,1년 전,판매중,디지털기기
애플워치7 스타라이트 GPS,"130,000원",대전 유성구 봉명동,1개월 전,판매중,디지털기기
애플 apple AirPods4 노이즈캔슬링 미개봉 에어팟,"230,000원",대전 유성구 봉명동,4개월 전,판매중,디지털기기
애플워치6 40mm,"90,000원",대전 유성구 봉명동,5개월 전,판매중,디지털기기
애플워치se 부품용 판매,"50,000원",대전 유성구 봉명동,6개월 전,판매중,디지털기기
애플 매직 키보드 터치아이디,"75,000원",대전 유성구 봉명동,끌올 14일 전,판매중,디지털기기
애플워치 SE Nike 에디션 40mm GPS,"60,000원",대전 유성구 봉명동,2일 전,판매중,디지털기기
애플 맥북 에어 M1 16GB 512 스페이스 그레이 풀박스,"760,000원",대전 유성구 봉명동,끌올 2개월 전,판매중,디지털기기
애플워치8 41mm 셀룰러 판매합니다.,"150,000원",대전 유성구 봉명동,1일 전,판매중,디지털기기
풀세트) 아이패드 프로 4세대 12.9inch 스페이스 그레이 + 로지텍 키보드 + 라이노케이스 +애플정품펜슬,"750,000원",대전 유성구 봉명동,5일 전,판매중,디지털기기
애플워치 se1 44mm 블랙,"110,000원",대전 유성구 봉명동,4일 전,판매중,디지털기기
애플 에어팟 프로 1세대 (테디독 케이스 포함),"50,000원",대전 유성구 봉명동,16일 전,판매중,디지털기기
애플 맥 미니 M4 16GB/256GB 미개봉 새제품,"860,000원",대전 유성구 봉명동,12일 전,판매중,디지털기기
애플워치se 44미리 팝니다,"41,000원",대전 유성구 봉명동,끌올 3개월 전,판매중,디지털기기
애플 펜슬 1세대,"50,000원",대전 유성구 봉명동,끌올 13일 전,판매중,디지털기기
미개봉 새상품 애플워치 SE3 40mm 스타라이트 GPS,"310,000원",대전 유성구 봉명동,끌올 5일 전,판매중,디지털기기
애플 에어팟 4세대 노캔x 미개봉,"150,000원",대전 유성구 봉명동,11일 전,판매중,디지털기기
애플워치 se 40mm,"45,000원",대전 유성구 봉명동,5일 전,판매중,디지털기기
애플 펜슬 2세대 풀박스,"100,000원",대전 유성구 봉명동,끌올 12일 전,판매중,디지털기기
아이패드 에어3 + 애플펜슬 1세대,"100,000원",대전 유성구 봉명동,끌올 17일 전,판매중,디지털기기
애플 맥북 프로m1 8GB 256GB 13인치 실버 풀박스,"700,000원",대전 유성구 봉명동,끌올 11일 전,판매중,디지털기기
애플 에어팟 3세대,"60,000원",대전 유성구 봉명동,19일 전,판매중,디지털기기
애플 매직트랙패드2 화이트 판매,"60,000원",대전 유성구 봉명동,16일 전,판매중,디지털기기
애플워치7 45mm 미드나이트 GPS,"118,000원",대전 유성구 봉명동,끌올 7일 전,판매중,디지털기기
애플 펜슬 2세대,"70,000원",세종시 다정동,20일 전,판매중,디지털기기
애플워치 시리즈 6 44mm 실버 스테인리스,"80,000원",대전 유성구 온천1동,끌올 10일 전,판매중,디지털기기
애플펜슬 1세대,"40,000원",대전 유성구 봉명동,17일 전,판매중,디지털기기
애플 에어팟 4세대 노캔,"178,000원",대전 유성구 원신흥동,끌올 15일 전,판매중,디지털기기
애플워치 SE 44mm 블랙 세대,"120,000원",대전 유성구 봉명동,12일 전,판매중,디지털기기
애플 에어팟 프로 2세대,"110,000원",대전 유성구 봉명동,끌올 14일 전,판매중,디지털기기
아이패드 에어 11 Wi-Fi 128GB 블루 S급+ 애플펜슬 프로,"700,000원",대전 유성구 봉명동,14일 전,판매중,디지털기기
애플펜슬 2세대 리퍼 미사용,"120,000원",대구 동구 신암4동,끌올 19일 전,판매중,디지털기기
애플 매직 마우스 2 화이트,"35,000원",대전 유성구 봉명동,25일 전,판매중,디지털기기
아이패드 프로 11 M4 256GB + 애플펜슬,"1,150,000원",대전 유성구 봉명동,끌올 14일 전,판매중,디지털기기
애플 매직 키보드 (텐키 포함) 미사용,"70,000원",대전 유성구 봉명동,2개월 전,판매중,디지털기기
✨상태 SS급✨애플 매직 키보드 A1843(풀배열),"90,000원",대전 유성구 봉명동,끌올 2개월 전,판매중,디지털기기
애플 펜슬 2세대,"70,000원",대전 유성구 봉명동,25일 전,판매중,디지털기기
벤딕트 무선 애플 카플레이 쉬프트,"35,000원",대전 유성구 봉명동,끌올 23일 전,판매중,디지털기기
애플 에어팟 프로 1세대,"35,000원",대전 유성구 봉명동,끌올 25일 전,판매중,디지털기기
애플 매직 트랙패드 2 라이트닝,"70,000원",대전 유성구 봉명동,7개월 전,판매중,디지털기기
애플 에어팟 2세대,"40,000원",대전 유성구 봉명동,끌올 1개월 전,판매중,디지털기기
애플워치 밴드 44mm 2종 일괄,"45,000원",전북 군산시 수송동,6개월 전,판매중,디지털기기
애플 에어팟 4세대 (노캔O),"150,000원",대전 유성구 봉명동,28일 전,판매중,디지털기기
애플 에어팟 2세대 + 정품충전기 포함,"40,000원",충남 계룡시 두마면,끌올 7개월 전,판매중,디지털기기
"(정품) 애플워치 40mm 밀레니즈 루프, 내추럴 (38•41mm호환가능)","40,000원",전북 군산시 수송동,끌올 5개월 전,판매중,디지털기기
애플 매직 트랙패드2 화이트,"80,000원",대전 유성구 봉명동,1개월 전,판매중,디지털기기
애플 에어팟 4세대 노이즈캔슬링o,"67,000원",대전 유성구 봉명동,끌올 1개월 전,판매중,디지털기기
(미개봉) 애플 에어태그 판매,"35,000원",대전 유성구 봉명동,끌올 5개월 전,판매중,디지털기기
애플 에어팟 3세대,"64,000원",대전 유성구 장대동,9개월 전,판매중,디지털기기
애플 에어팟 3세대,"65,000원",대전 유성구 봉명동,7개월 전,판매중,디지털기기
애플 에어팟 2세대🎧,"40,000원",대전 서구 둔산동,끌올 7개월 전,판매중,디지털기기
애플 에어팟 프로 3 MFHP4KH/A,"280,000원",대전 동구 홍도동,28일 전,판매중,디지털기기
애플 에어팟 2세대,"43,000원",대전 유성구 봉명동,끌올 7개월 전,판매중,디지털기기
애플 5K 썬더볼트 27인치 디스플레이,"150,000원",대전 유성구 봉명동,끌올 4개월 전,판매중,디지털기기
애플 에어팟 4세대 (노캔x),"155,000원",충북 청주시 흥덕구 가경동,9개월 전,판매중,디지털기기
애플 에어팟 3세대,"40,000원",대전 유성구 봉명동,3개월 전,판매중,디지털기기
(풀박스) 애플 에어팟 3세대 + 본체 + 케이스 세트 팝니다.,"50,000원",대전 유성구 봉명동,끌올 2개월 전,판매중,디지털기기
애플 에어팟 3세대 판매합니다,"80,000원",경기 용인시 기흥구 언남동,8개월 전,판매중,디지털기기
"새상품 애플 에어팟 2세대 (비닐만 개봉, 사용X)","70,000원",대전 유성구 봉명동,3개월 전,판매중,디지털기기
애플 정품 MagSafe 카드지갑 (2개 있어요),"50,000원",세종시 대평동,끌올 8개월 전,판매중,디지털기기
애플 매직 키보드,"55,000원",대전 유성구 봉명동,끌올 6개월 전,판매중,디지털기기
애플 매직 키보드,"50,000원",대전 유성구 봉명동,6개월 전,판매중,디지털기기
애플 정품 아이패드 프로 에어 11 매직키보드 (7월22일 리퍼받음),"200,000원",대전 동구 천동,7개월 전,판매중,디지털기기
Apple TV 셋톱박스2세대입니다,"50,000원",대전 유성구 봉명동,8개월 전,판매중,디지털기기
Apple TV,"80,000원",대전 유성구 원신흥동,5개월 전,판매중,디지털기기
애플 에어팟 프로 1세대 풀박스,"85,000원",대전 유성구 봉명동,1개월 전,판매중,디지털기기
아이패드 에어 11 M2 128GB + Apple Pencil Pro,"750,000원",대전 유성구 봉명동,1개월 전,판매중,디지털기기
애플 에어팟 3세대,"80,000원",대전 유성구 봉명동,4개월 전,판매중,디지털기기
애플펜슬 2세대,"60,000원",대전 유성구 봉명동,끌올 4개월 전,판매중,디지털기기
애플 아이맥 2019 4k 21.5인치,"450,000원",대전 동구 가오동,7개월 전,판매중,디지털기기
애플 매직 마우스 2 화이트 풀박스,"50,000원",전북 전주시 덕진구 덕진동1가,1개월 전,판매중,디지털기기
애플 매직 트랙패드 2 팝니다. 러이트닝 충전,"80,000원",대전 유성구 봉명동,끌올 2개월 전,판매중,디지털기기
아이패드 에어3 스페이스 그레이 + 애플펜슬,"180,000원",대전 유성구 봉명동,1개월 전,판매중,디지털기기
iPad A16 Wi-Fi 128GB 블루 + 애플팬슬 USB-C 미개봉,"580,000원",경기 남양주시 별내동,7개월 전,판매중,디지털기기
아이패드 프로 1세대 9.7 + 애플펜슬 1세대,"90,000원",경기 수원시 영통구 이의동,6개월 전,판매중,디지털기기
✨상태SS급✨애플펜슬 2세대 풀박스,"90,000원",대전 유성구 봉명동,끌올 2개월 전,판매중,디지털기기
애플 맥 미니 M1 기본형 (8G / 256G),"300,000원",대전 유성구 봉명동,끌올 6개월 전,판매중,디지털기기
애플 에어팟 2세대,"50,000원",대전 유성구 봉명동,7개월 전,판매중,디지털기기
애플워치7 45mm,"120,000원",대전 유성구 봉명동,7개월 전,판매중,디지털기기
애플 에어팟 프로 1 맥세이프 상태 최상,"85,000원",대전 유성구 봉명동,끌올 7개월 전,판매중,디지털기기
아이폰 15 128기가 판매(애플케어 남음),"590,000원",대전 유성구 봉명동,6개월 전,판매중,디지털기기
"내일까지 급처합니다 아이패드 에어6세대,애플팬슬 프로 합친금액입니다","750,000원",대전 유성구 상대동,6개월 전,판매중,디지털기기
m1 아이패드 프로 11인치 셀룰러 256g + 애플펜슬 2세대,"750,000원",대전 유성구 봉명동,8개월 전,판매중,디지털기기
애플 매직 트랙패드2,"114,000원",대전 유성구 봉명동,끌올 2개월 전,판매중,디지털기기
애플워치 정품 밴드 44mm,"40,000원",대전 유성구 봉명동,끌올 9개월 전,판매중,디지털기기
애플 에어팟 3세대,"65,000원",서울시 도봉구 쌍문동,끌올 2개월 전,판매중,디지털기기
애플 에어팟 4세대,"110,000원",대전 유성구 봉명동,2개월 전,판매중,디지털기기
애플 펜슬 2세대,"90,000원",대전 서구 탄방동,7개월 전,판매중,디지털기기
애플 에어팟 프로 1세대,"40,000원",대전 유성구 가정동,4개월 전,판매중,디지털기기
아이패드 미니 7세대 128GB 블루 A17 PRO C타입 애플펜슬,"600,000원",부산 동구 수정동,끌올 9개월 전,판매중,디지털기기
애플워치 SE 2세대 40mm,"100,000원",충북 진천군 진천읍,끌올 8개월 전,판매중,디지털기기
애플 에어팟 맥스 그린,"200,000원",대전 서구 월평1동,4개월 전,판매중,디지털기기
애플 에어팟 4세대,"95,000원",대전 유성구 봉명동,3개월 전,판매중,디지털기기
애플워치se,"85,000원",대전 유성구 봉명동,끌올 1개월 전,판매중,디지털기기
애플 에어팟 4세대 노캔X,"100,000원",대전 서구 둔산동,2개월 전,판매중,디지털기기
상태S 아이패드 에어5 스그+애플팬슬2세대,"600,000원",대전 유성구 봉명동,끌올 8개월 전,판매중,디지털기기
애플tv 3세대 4K 128GB,"150,000원",경북 안동시 용상동,7개월 전,판매중,디지털기기
애플워치 se2 44mm,"180,000원",대전 유성구 봉명동,6개월 전,판매중,디지털기기
애플 펜슬 2세대,"35,000원",대전 유성구 봉명동,2개월 전,판매중,디지털기기
애플 맥 미니 M4,"2,100,000원",대전 유성구 봉명동,끌올 7개월 전,판매중,디지털기기
애플워치5 44mm,"150,000원",대전 유성구 봉명동,끌올 8개월 전,판매중,디지털기기
애플워치se2 40mm 스타라이트 gps 미개봉 새상품,"250,000원",세종시 종촌동,끌올 6개월 전,판매중,디지털기기
애플 에어팟 프로 2세대,"140,000원",대전 유성구 봉명동,2개월 전,판매중,디지털기기
애플 Magic Trackpad 극미중고,"90,000원",대전 유성구 봉명동,5개월 전,판매중,디지털기기
아이패드 에어 5세대 스페이스 그레이 64GB + 애플펜슬 2세대,"570,000원",광주 북구 신용동,끌올 6개월 전,판매중,디지털기기
애플 매직 트랙패드 2,"80,000원",대전 유성구 봉명동,5개월 전,판매중,디지털기기
"아이패드 에어5, 애플펜슬 2세대 (64gb, wi-fi)","475,000원",대전 유성구 봉명동,끌올 5개월 전,판매중,디지털기기
애플 에어팟 4세대 미개봉 새제품,"160,000원",대전 유성구 봉명동,끌올 2개월 전,판매중,디지털기기
애플워치6 44mm 스테인리스,"200,000원",대전 유성구 반석동,끌올 8개월 전,판매중,디지털기기
아이패드 프로 4세대 12.9 512gb 셀룰러 + 애플펜슬 + 스마트 키보드 풀세트,"1,000,000원",대전 유성구 원신흥동,끌올 8개월 전,판매중,디지털기기
"아이패드 프로4세대12.9 128GB,매직키보드 애플펜슬2세대","830,000원",대전 유성구 봉명동,끌올 1개월 전,판매중,디지털기기
아이패드 에어 11 m2 128기가 + 애플팬슬 프로 판매합니다,"780,000원",대전 유성구 온천2동,7개월 전,판매중,디지털기기
✨사용X✨애플 매직 트랙패드2 화이트(풀박스),"95,000원",대전 유성구 봉명동,끌올 2개월 전,판매중,디지털기기
애플펜슬 2세대,"65,000원",대전 유성구 봉명동,7개월 전,판매중,디지털기기
애플 매직 마우스2 블랙,"50,000원",대전 유성구 봉명동,5개월 전,판매중,디지털기기
Apple 2020년 애플워치 6 GPS + 셀룰러 44mm 레귤러,"200,000원",대전 서구 도안동,끌올 9개월 전,판매중,디지털기기
"급처 아이패드 프로 12.9인치 4세대 256기가 와이파이, 애플펜슬 2세대","680,000원",대전 유성구 온천1동,끌올 7개월 전,판매중,디지털기기
아이패드 에어3 64G + 애플펜슬 1세대,"230,000원",대전 유성구 봉명동,끌올 6개월 전,판매중,디지털기기
애플워치 se2 블랙 44mm,"100,000원",대전 유성구 봉명동,끌올 9개월 전,판매중,디지털기기
애플 에어팟 프로 2세대 팝니다,"150,000원",대전 유성구 봉명동,2개월 전,판매중,디지털기기
"애플 맥북 프로 16인치 m1, 16g 512g","900,000원",대전 유성구 용산동,3개월 전,판매중,디지털기기
미개봉 애플워치 SE 2023 40mm GPS (쿨거시 네고가능),"265,000원",대전 서구 갈마1동,끌올 9개월 전,판매중,디지털기기
애플 펜슬 2세대 A2051,"60,000원",대전 유성구 봉명동,끌올 3개월 전,판매중,디지털기기
애플워치 se2 40mm 셀룰러 풀박스,"150,000원",부산 사상구 괘법동,3개월 전,판매중,디지털기기
미개봉 애플펜슬프로 팝니다!,"140,000원",대전 유성구 봉명동,9개월 전,판매중,디지털기기
아이패드 에어4 스페이스그레이 256GB + 애플펜슬2세대,"530,000원",대전 유성구 봉명동,끌올 3개월 전,판매중,디지털기기
애플워치6 40mm 스테인리스,"180,000원",대전 유성구 반석동,끌올 7개월 전,판매중,디지털기기
아이패드 에어3 64gb 로즈골드 + 애플펜슬,"200,000원",경기 수원시 권선구 곡반정동,2개월 전,판매중,디지털기기
"아이패드 프로 11인치형 M1 128 GB WIFI 스그 (배터리 효율 93%)상태 SSS 급, + 애플펜슬 2","650,000원",대전 유성구 봉명동,끌올 8개월 전,판매중,디지털기기
아이패드 에어3 64gb wifi 스그 & 애플펜슬 1세대,"130,000원",대전 유성구 죽동,2개월 전,판매중,디지털기기
애플워치 SE 3 40mm 스페이스 그레이,"250,000원",대전 유성구 봉명동,3개월 전,판매중,디지털기기
애플 트랙패드 A1535 팝니다,"80,000원",서울시 영등포구 여의동,7개월 전,판매중,디지털기기
아이패드 미니 스페이스 그레이5세대 + 애플펜슬,"180,000원",대전 유성구 봉명동,3개월 전,판매중,디지털기기
애플워치7 45mm,"150,000원",대전 서구 도마2동,8개월 전,판매중,디지털기기
아이패드 에어 5세대 스페이스그레이+애플펜슬 2세대 가격내림,"550,000원",대전 유성구 봉명동,9개월 전,판매중,디지털기기
미개봉 애플 에어팟 4세대,"150,000원",대전 중구 옥계동,2개월 전,판매중,디지털기기
애플 펜슬 프로 새상품,"140,000원",대전 유성구 봉명동,8개월 전,판매중,디지털기기
애플워치 se2 44mm 실버 와이파이,"170,000원",대전 유성구 봉명동,끌올 8개월 전,판매중,디지털기기
아이패드 에어 13 M2 스페이스 그레이 + 애플펜슬 프로 판매,"850,000원",대전 유성구 봉명동,4개월 전,판매중,디지털기기
[애플] 아이패드 프로11 (4세대) & 매직키보드,"800,000원",대전 유성구 봉명동,끌올 3개월 전,판매중,디지털기기
"아이패드 프로 11 4세대, 스페이스 그레이, 256GB, wifi + 애플펜슬 2세대+ 케이스","890,000원",대전 유성구 봉명동,끌올 3개월 전,판매중,디지털기기
애플펜슬 1세대 판매합니다!,"50,000원",충남 천안시 서북구 쌍용2동,3개월 전,판매중,디지털기기
애플워치 SE1 44mm 나이키 에디션 팝니다,"50,000원",대전 유성구 봉명동,3개월 전,판매중,디지털기기
애플 에어팟 프로,"70,000원",대전 유성구 봉명동,끌올 3개월 전,판매중,디지털기기
애플 펜슬 1세대,"45,000원",대전 유성구 봉명동,끌올 8개월 전,판매중,디지털기기
애플워치 울트라 49mm,"500,000원",대전 대덕구 오정동,끌올 7개월 전,판매중,디지털기기
애플워치 SE2 40mm 실버,"135,000원",대전 유성구 봉명동,끌올 9개월 전,판매중,디지털기기
애플워치8 45mm 부품용 팔아요,"60,000원",대전 유성구 봉명동,3개월 전,판매중,디지털기기
애플워치 SE 2세대 실버 44mm 미개봉 팝니다.,"270,000원",대전 유성구 봉명동,5개월 전,판매중,디지털기기
애플워치 실버 알루미늄 se1 44mm,"160,000원",대전 유성구 봉명동,9개월 전,판매중,디지털기기
미개봉 애플 펜슬 2세대 A2051,"120,000원",대전 유성구 봉명동,3개월 전,판매중,디지털기기
애플 펜슬 프로 (미개봉 새상품),"160,000원",대전 유성구 봉명동,7개월 전,판매중,디지털기기
"아이패드 정품 스마트키보드, 애플펜슬 1세대 팝니다.","80,000원",대전 유성구 봉명동,5개월 전,판매중,디지털기기
애플펜슬 프로 새상품,"160,000원",경남 창원시 성산구 가음정동,7개월 전,판매중,디지털기기
애플 펜슬 프로,"110,000원",대전 동구 천동,7개월 전,판매중,디지털기기
애플워치 SE2 스페이스 그레이 판매,"60,000원",대전 유성구 봉명동,2개월 전,판매중,디지털기기
애플펜슬 1세대 화이트,"60,000원",대전 유성구 봉명동,4개월 전,판매중,디지털기기
애플워치3 나이키 42mm 판매 합니다.,"60,000원",대전 유성구 봉명동,2개월 전,판매중,디지털기기
애플워치 SE2 40mm 실버 미개봉품,"250,000원",대전 유성구 봉명동,끌올 2개월 전,판매중,디지털기기
애플워치 SE3 스타라이트 40mm 미개봉,"300,000원",대전 유성구 죽동,2개월 전,판매중,디지털기기
애플펜슬 2세대(지금 바로 가져다드려요),"80,000원",서울시 금천구 독산동,9개월 전,판매중,디지털기기
애플워치5 입니다,"80,000원",대전 유성구 봉명동,끌올 8개월 전,판매중,디지털기기
애플 에어팟 4 노캔 o,"150,000원",대전 유성구 봉명동,3개월 전,판매중,디지털기기
애플워치se 40mm 판매해요 관심있으면 제발 채팅ㄱ!!!!,"100,000원",대전 유성구 봉명동,끌올 6개월 전,판매중,디지털기기
애플워치 Series 10 GPS 블랙,"200,000원",대전 유성구 봉명동,2개월 전,판매중,디지털기기
애플워치 SE 2세대 44mm 미드나이트 가격낮춤,"232,000원",서울시 서초구 서초1동,끌올 9개월 전,판매중,디지털기기
애플워치 울트라2 블랙 오션밴드 미개봉 새상품,"920,000원",대전 서구 월평동,7개월 전,판매중,디지털기기
"애플워치 9 45mm 박스풀 정품충전기, 스트랩 포함","250,000원",대전 유성구 봉명동,끌올 3개월 전,판매중,디지털기기
애플워치 se1 팜니다,"70,000원",대전 대덕구 신탄진동,1개월 전,판매중,디지털기기
애플워치7 41mm 그린색상 판매합니다,"100,000원",대전 유성구 봉명동,끌올 3개월 전,판매중,디지털기기
애플펜슬 1세대 팝니다,"40,000원",대전 유성구 봉명동,2개월 전,판매중,디지털기기
아이패드 미니5(배터리90%) wifi 64g+애플펜슬 1세대 일괄 팔아요,"290,000원",대전 유성구 봉명동,끌올 5개월 전,판매중,디지털기기
애플워치 SE2 44mm gps,"100,000원",대전 유성구 봉명동,3개월 전,판매중,디지털기기
애플 에어팟 4세대 노이즈캔슬링 미개봉,"210,000원",대전 유성구 봉명동,2개월 전,판매중,디지털기기
애플펜슬 2세대,"80,000원",대전 유성구 봉명동,2개월 전,판매중,디지털기기
애플워치 7 GPS 45mm 알루미늄 풀박스 (구성품 포함),"140,000원",대전 유성구 봉명동,끌올 6개월 전,판매중,디지털기기
애플워치 울트라2 49mm,"600,000원",대전 유성구 봉명동,끌올 3개월 전,판매중,디지털기기
애플펜슬 화이트,"50,000원",대전 동구 용전동,5개월 전,판매중,디지털기기
메이튼 애플 카플레이 동글,"53,000원",대전 유성구 봉명동,4개월 전,판매중,디지털기기
S급 아이패드 에어 4세대 + 애플펜슬2 풀박스,"400,000원",대전 유성구 봉명동,끌올 2개월 전,판매중,디지털기기
애플 펜슬 2세대 판매합니다,"45,000원",충남 논산시 내동,7개월 전,판매중,디지털기기
사용xx 애플워치 SE2 스타라이트 44mm GPS 풀박스,"150,000원",대전 유성구 봉명동,3개월 전,판매중,디지털기기
애플 에어팟 프로 2세대(c타입)팝니다,"150,000원",대전 유성구 봉명동,끌올 4개월 전,판매중,디지털기기
애플펜슬 프로 새거,"150,000원",대전 유성구 봉명동,5개월 전,판매중,디지털기기
애플워치se2 40mm 스타라이트 gps 미개봉 새상품,"250,000원",세종시 종촌동,끌올 6개월 전,판매중,디지털기기
아이패드 프로 12.9 스페이스+애플펜슬,"780,000원",대전 유성구 봉명동,끌올 9개월 전,판매중,디지털기기
애플펜슬 프로,"130,000원",서울시 은평구 응암제3동,4개월 전,판매중,디지털기기
애플워치3 42mm 실버 + 스트랩,"80,000원",대전 대덕구 덕암동,6개월 전,판매중,디지털기기
애플 에어팟 맥스 스페이스 그레이 풀박스,"300,000원",대전 유성구 봉명동,3개월 전,판매중,디지털기기
"애플 아이패드 mini A17 Pro 128GB WiFi 스페이스그레이(애케플 포함), 스마트플리오케이스","680,000원",대전 유성구 봉명동,6개월 전,판매중,디지털기기
애플 에어팟 프로 2세대,"150,000원",대전 유성구 노은1동,3개월 전,판매중,디지털기기
애플워치se 44 실버,"50,000원",대전 유성구 봉명동,5개월 전,판매중,디지털기기
"애플워치 울트라2 49mm (애케플포함, 성능100%)","680,000원",대전 유성구 봉명동,끌올 3개월 전,판매중,디지털기기
미개봉 애플 에어팟 Pro 3세대,"320,000원",대전 유성구 봉명동,3개월 전,판매중,디지털기기
애플워치 SE3 스타라이트 40mm 미개봉 새제품,"280,000원",대전 유성구 봉명동,끌올 2개월 전,판매중,디지털기기
아이패드 에어 5세대 스페이스 그레이 + 애플펜슬 2세대 판매 합니다.,"500,000원",대전 유성구 봉명동,끌올 3개월 전,판매중,디지털기기
애플워치se 40mm 로즈골드,"70,000원",대전 유성구 봉명동,끌올 4개월 전,판매중,디지털기기
애플워치 울트라 풀박스,"520,000원",대전 유성구 봉명동,7개월 전,판매중,디지털기기
애플워치 SE 44mm 블랙 풀박스,"70,000원",대전 유성구 봉명동,3개월 전,판매중,디지털기기
애플 usb-c 70w 어댑터+맥세이프3 케이블(2m),"50,000원",대전 유성구 봉명동,끌올 2개월 전,판매중,디지털기기
애플워치 시리즈6 나이키 에디션 44mm 셀룰러,"55,000원",대전 유성구 봉명동,끌올 3개월 전,판매중,디지털기기
애플 펜슬 2세대,"130,000원",대전 유성구 봉명동,5개월 전,판매중,디지털기기
애플펜슬 프로,"140,000원",대구 서구 내당4동,끌올 5개월 전,판매중,디지털기기
애플펜슬 Pro,"130,000원",대전 유성구 봉명동,6개월 전,판매중,디지털기기
미개봉 애플워치 SE 3 40mm GPS 스타라이트,"310,000원",대전 유성구 봉명동,끌올 2개월 전,판매중,디지털기기
애플워치 Series 9 41mm 알루미늄 스타라이트,"250,000원",대전 서구 갈마동,끌올 3개월 전,판매중,디지털기기
애플펜슬 1세대 (풀박스),"60,000원",대전 유성구 봉명동,5개월 전,판매중,디지털기기
애플워치 울트라 네이비 오션밴드 리퍼제품 풀박스,"530,000원",대전 동구 성남동,끌올 4개월 전,판매중,디지털기기
애플워치 SE 40mm 실버,"90,000원",대전 유성구 봉명동,2개월 전,판매중,디지털기기
애플워치 7 미드나이트 41mm GPS (배터리성능87),"110,000원",경기 수원시 장안구 영화동,끌올 2개월 전,판매중,디지털기기
애플워치 10세대 46mm 실버 알루미늄 GPS+Cellular 판매합니다. (+스트랩),"466,000원",대전 유성구 봉명동,끌올 3개월 전,판매중,디지털기기
아이패드 에어4(11인치)+애플펜슬 2세대,"330,000원",인천 연수구 송도3동,끌올 3개월 전,판매중,디지털기기
애플워치 se2 44mm gps 팝니다,"140,000원",대전 유성구 봉명동,4개월 전,판매중,디지털기기
아이패드 에어 5세대 64GB (WIFI + 셀룰러) 모델 & 애플펜슬 포함,"500,000원",대전 유성구 봉명동,3개월 전,판매중,디지털기기
애플워치4 44mm 셀룰러 스테인리스 골드,"70,000원",대전 유성구 온천1동,끌올 3개월 전,판매중,디지털기기
애플워치 시리즈 9 45mm GPS+셀룰러,"270,000원",대전 유성구 봉명동,5개월 전,판매중,디지털기기
애플워치 SE 2세대 44mm 미드나이트 gps,"171,000원",대전 서구 월평동,끌올 4개월 전,판매중,디지털기기
애플워치 9 gps 45mm 실버 스톰블루 판매 합니다.(금액수정),"220,000원",대전 유성구 봉명동,3개월 전,판매중,디지털기기
미개봉 세상품)애플 정품 파인우븐 맥세이프 카드지갑 블랙,"60,000원",대전 유성구 봉명동,4개월 전,판매중,디지털기기
애플워치7 41mm 블랙 GPS,"80,000원",대전 유성구 원내동,3개월 전,판매중,디지털기기
마지막 가격)애플워치 10 셀룰러 42mm 실버,"350,000원",대전 유성구 봉명동,끌올 4개월 전,판매중,디지털기기
애플워치 SE 골드 44mm,"92,000원",대전 유성구 온천1동,끌올 5개월 전,판매중,디지털기기
애플워치 SE2 44mm 미드나이트,"200,000원",대전 중구 태평1동,6개월 전,판매중,디지털기기
애플워치 SE1 GPS 40mm 실버,"80,000원",대전 서구 둔산1동,끌올 6개월 전,판매중,디지털기기
애플워치 se 40,"60,000원",대전 유성구 봉명동,3개월 전,판매중,디지털기기
아이패드 프로 11 M5 256 스페이스 그레이+애플펜슬프로 미개봉 팝니다,"1,530,000원",인천 연수구 동춘2동,끌올 3개월 전,판매중,디지털기기
애플워치se2 셀룰러 44mm 미드나이트 팝니다,"150,000원",대전 유성구 봉명동,끌올 3개월 전,판매중,디지털기기
애플워치 SE2 44mm 실버 본품만 팝니다,"140,000원",인천 부평구 부개동,4개월 전,판매중,디지털기기
애플워치 울트라2 팝니다,"670,000원",대전 유성구 봉명동,끌올 5개월 전,판매중,디지털기기
애플워치 Nike 에디션 4시리즈,"60,000원",대전 유성구 온천1동,6개월 전,판매중,디지털기기
Apple 에어팟 맥스 블랙,"330,000원",광주 남구 진월동,6개월 전,판매중,디지털기기
애플워치울트라2 블랙,"720,000원",대전 유성구 봉명동,끌올 5개월 전,판매중,디지털기기
애플워치7 45mm 나이키 GPS 판매합니다,"160,000원",대전 유성구 봉명동,끌올 3개월 전,판매중,디지털기기
애플워치 5세대 40mm GPS,"60,000원",대전 유성구 봉명동,5개월 전,판매중,디지털기기
애플워치SE2 실버 40mm,"150,000원",대전 유성구 봉명동,5개월 전,판매중,디지털기기
✨새제품✨애플 정품 맥세이프 충전기(풀박스),"35,000원",대전 유성구 봉명동,2개월 전,판매중,디지털기기
애플워치 SE 40mm,"60,000원",대전 유성구 봉명동,3개월 전,판매중,디지털기기
애플워치6 40mm 실버 나이키 모델 셀룰러 (충전기 선 포함),"168,000원",전남 여수시 웅천동,끌올 4개월 전,판매중,디지털기기
애플워치 se 44 셀룰러 + 정품 브레이드 솔로 루프 풀박스,"100,000원",경기 안양시 동안구 비산동,4개월 전,판매중,디지털기기
애플워치,"50,000원",대전 유성구 봉명동,7개월 전,판매중,디지털기기
애플워치 se2 40mm 실버,"130,000원",대전 유성구 죽동,3개월 전,판매중,디지털기기
애플워치 7 41mm 블랙,"150,000원",대전 유성구 봉명동,2개월 전,판매중,디지털기기
애플워치 Series 3,"60,000원",대전 유성구 봉명동,3개월 전,판매중,디지털기기
애플워치7 45mm 네이비,"110,000원",대전 유성구 봉명동,4개월 전,판매중,디지털기기
애플워치 7 41mm gps 나이키 에디션 판매합니다,"120,000원",대전 유성구 봉명동,4개월 전,판매중,디지털기기
애플워치 se2 미드나이트 40mm 배터리100%,"160,000원",대전 유성구 봉명동,4개월 전,판매중,디지털기기
애플워치 SE 2,"160,000원",대전 유성구 봉명동,3개월 전,판매중,디지털기기
아이패드 프로 12.9(5세대) Wi-Fi+Cellular 512GB 스그판매(+애플펜슬 2세대),"1,220,000원",대전 유성구 봉명동,끌올 4개월 전,판매중,디지털기기
애플워치 화이트,"100,000원",대전 유성구 봉명동,7개월 전,판매중,디지털기기
애플워치7 41mm 알루미늄 블루,"110,000원",대전 유성구 봉명동,끌올 5개월 전,판매중,디지털기기
애플 에어팟 맥스 스타라이트,"550,000원",제주 서귀포시 하원동,6개월 전,판매중,디지털기기
애플워치 울트라1,"400,000원",대전 유성구 봉명동,5개월 전,판매중,디지털기기
애플워치7 41mm wifi 판매,"110,000원",대전 유성구 봉명동,끌올 3개월 전,판매중,디지털기기
애플 정품 맥북 에어/프로 가죽 슬리브,"80,000원",대구 서구 내당4동,끌올 4개월 전,판매중,디지털기기
✨애플 USB-C 디지털 AV 멀티폴트 어댑터,"40,000원",대전 유성구 봉명동,2개월 전,판매중,디지털기기
애플워치 Series 8 골드 45mm,"240,000원",대전 유성구 봉명동,28일 전,판매중,디지털기기
